Address_Line_1,Address_Town,Address_State,Address_Postcode
21 Thomson Street,Alberton,VIC,3971
Frank Street,Allansford,VIC,3277
118 Barnett Street,Avoca,VIC,3467
40 Anderson Street,Avenel,VIC,3664
5-11 Forbes Street,Warrandyte,VIC,3113
51 Mt Pleasant Road,Belmont,VIC,3216
56-62 Lerderderg Street,Bacchus Marsh,VIC,3340
401 Dana Street,Ballarat,VIC,3350
Brockley Street,Wodonga,VIC,3690
37 Fairholme Boulevard,Berwick,VIC,3806
2/37 Park Road,Beaufort,VIC,3373
231 Charman Road,Cheltenham,VIC,3192
3 Hallowells Road,Cudgee,VIC,3265
Elizabeth Street,Newport,VIC,3015
8-10 Barker Street,Cavendish,VIC,3314
53-65 Murray Street East,Colac,VIC,3250
Cnr Mostyn & Urquhart Street,Castlemaine,VIC,3450
127 Main Road,Campbells Creek,VIC,3451
67 Napier Street,Creswick,VIC,3363
4-14 Staley Street,California Gully,VIC,3556
Caledonia Street,St Andrews,VIC,3761
35 Hoddle Street,Warrnambool,VIC,3280
Mcculloch Street,Dromana,VIC,3936
2 - 12 Council Street,Doncaster,VIC,3108
413-431 High Street,Echuca,VIC,3564
Dalton Street,Eltham,VIC,3095
Church St,Eaglehawk,VIC,3556
26 Wright Street,Elphinstone,VIC,3448
24 Harmer Road,Hallam,VIC,3803
Cnr Mt Alexander Rd & Padman Lane,Flemington,VIC,3031
Cnr Geelong Road & Barkly St,Footscray,VIC,3011
41 Prince Street,Gisborne,VIC,3437
31 Bamfield Street,Sandringham,VIC,3191
119 School Road,Wandiligong,VIC,3744
143 Bailey Street,Grovedale,VIC,3216
2A Wood Street,Hawthorn,VIC,3122
120 Cape Street,Heidelberg,VIC,3084
42 Gray Street,Hamilton,VIC,3300
31 Herriot Street,Heathcote,VIC,3523
218 Roslyn Road,Highton,VIC,3216
101 Brunel Street,Huntly,VIC,3551
50 School Road,Bellbrae,VIC,3228
91-101 Albert Road,Chiltern,VIC,3683
49-79 Edgecombe Street,Kyneton,VIC,3444
2-56 Station Street,Romsey,VIC,3434
1717 Shelford-Bannockburn Road,Shelford,VIC,3329
710 Calder Alternative Highway,Lockwood South,VIC,3551
2 Leslie Street,Marong,VIC,3515
641 Mount Macedon Road,Mount Macedon,VIC,3441
1206 Geelong Road,Mount Clear,VIC,3350
Unitt Street,Melton,VIC,3337
319 George Street,Fitzroy,VIC,3065
28 Lyons Street,Newstead,VIC,3462
2701 Midland Highway,Newlyn,VIC,3364
Cnr Blackburn And Highbury Rds,Burwood East,VIC,3151
239 Station Road,New Gisborne,VIC,3438
35 Lang Street,Beeac,VIC,3251
38 Raleigh Street,Essendon,VIC,3040
92 Bell Street,Coburg,VIC,3058
87 Ritchie Street,Penshurst,VIC,3289
13 Muddy Lane,Myrniong,VIC,3341
25 Everton Drive,Mernda,VIC,3754
45 Palmer Street,Portland,VIC,3305
14-28 Barnes Street,Stawell,VIC,3380
44 Murray Street,Rutherglen,VIC,3685
69-77 Main Road,Riddells Creek,VIC,3431
38 Aitchison Street,Rokewood,VIC,3330
184 Boundary Road,Geelong East,VIC,3219
Macalister Street,Sale,VIC,3850
7 Montgomery Street,Skipton,VIC,3361
601 Punt Road,South Yarra,VIC,3141
14 Wellsford Street,Stratford,VIC,3862
98 High Street,Taradale,VIC,3447
91 Commercial Road,Koroit,VIC,3282
11 Clowes Street,Tylden,VIC,3444
10 Spring Street,Thomastown,VIC,3074
19 Chisholm Street,Wangaratta,VIC,3677
Elizabeth Street,Wahgunyah,VIC,3687
146 High Street,Woodend,VIC,3442
8 Victoria Street,Woodford,VIC,3281
2 Deutgam Street,Werribee,VIC,3030
3 Roberts Avenue,Castlemaine,VIC,3450
1011 Beechworth-Wodonga Road,Wooragee,VIC,3747
46-48 Queen Street,Wallan,VIC,3756
12 Manifold Street,Woolsthorpe,VIC,3276
74 High Street,Yandoit,VIC,3461
2-14 Wesley Street,Yarram,VIC,3971
101 Pleasant St North,Lake Wendouree,VIC,3350
23 Station Street,Yea,VIC,3717
80 High Street,Lancefield,VIC,3435
86 Bennetts Lane,Coimadai,VIC,3340
58 Beal Street,Birregurra,VIC,3242
1714 Dandenong Road,Clayton,VIC,3168
133 Milawa-Bobinawarrah Road,Milawa,VIC,3678
190 Wiegards Road,Lockwood,VIC,3551
9 Grant Street,Bealiba,VIC,3475
324 Main Street,Bairnsdale,VIC,3875
1 Dicker Street,Gordon,VIC,3345
156 Main Road,Hepburn,VIC,3461
89 Forest Road South,Lara Lake,VIC,3212
1-23 Cricket Street,Rosedale,VIC,3847
46 Bakers Gully Road,Bright,VIC,3741
2 George Street,Rochester,VIC,3561
70 - 78 Moore Street,Ararat,VIC,3377
1 The Sideling,Jamieson,VIC,3723
56B Hotham Street,Preston,VIC,3072
167 Day Avenue,Omeo,VIC,3898
165 Great Alpine Road,Harrietville,VIC,3741
58 Barkly Street,Mordialloc,VIC,3195
2 View Street,Healesville,VIC,3777
90 Montgomery Street,Lake Bolac,VIC,3351
Victoria Street,Toongabbie,VIC,3856
2110 Sunraysia Highway,Waubra,VIC,3352
Stephenson Street,Great Western,VIC,3374
22-28 Church Street,Maffra,VIC,3860
413 Quinn Road,Broken Creek,VIC,3673
12 Vaughan Street,Lal Lal,VIC,3352
Silvester Street,Cobden,VIC,3266
1341 Murradoc Road,St Leonards,VIC,3223
63 - 65 Castella Street,Lilydale,VIC,3140
Old Violet Street,Bendigo,VIC,3550
2 Darraweit Valley Road,Darraweit Guim,VIC,3756
28 Adair Street,Linton,VIC,3360
187 Swinglers Road,Invermay,VIC,3352
27 Giltrap Road,Mitta Mitta,VIC,3701
290 Camberwell Road,Camberwell,VIC,3124
12-24 Bradford Avenue,Greenvale,VIC,3059
15 Webster Street,Alexandra,VIC,3714
97-105 Westcott Parade,Rockbank,VIC,3335
139 Milton Street,Bannockburn,VIC,3331
75 Doctors Gully Road,Doreen,VIC,3754
2 Rowe Street,Talbot,VIC,3371
35 Symonds Street,Yarra Glen,VIC,3775
60-80 Olympic Parade,Kangaroo Flat,VIC,3555
34-46 Riddell Street,Westmeadows,VIC,3049
41 The Heights,Sunbury,VIC,3429
17 Clyde Street,Diamond Creek,VIC,3089
800 Romsey Road,Hesket,VIC,3442
81 High Street,Axedale,VIC,3551
4-10 Nurlendi Road,Vermont,VIC,3133
51 Stanley Street,Tarnagulla,VIC,3551
86B Balwyn Road,Balwyn,VIC,3103
11 Ingrid Street,Scoresby,VIC,3179
2  Camp Street,Carisbrook,VIC,3464
105 Beenak Road,Wandin North,VIC,3139
22-24 Melba Highway,Yering,VIC,3770
76 Greenham Street,Dartmoor,VIC,3304
1880 Mickleham Road,Mickleham,VIC,3064
77 Sullivan Street,Inglewood,VIC,3517
1 Hunter Street,Chewton,VIC,3451
1 Mullalys Road,Bolinda,VIC,3432
4721 Colac-Ballarat Road,Napoleons,VIC,3352
Peel Street,Kew,VIC,3101
398 Sago Hill Road,Haddon,VIC,3351
8759 Princes Highway,Panmure,VIC,3265
32 Kerferd Avenue,Sorrento,VIC,3943
89a Cuthberts Road,Alfredton,VIC,3350
34 - 44 Eldon Street,Bridgewater On Loddon,VIC,3516
10 - 20 Hodgins Road,Hastings,VIC,3915
39 High Street,Yackandandah,VIC,3749
31 Goulburn Street,Nagambie,VIC,3608
22 Temple Street,Heyfield,VIC,3858
61 Worthing Road,Moorabbin,VIC,3189
4 Apollo Street,Mansfield,VIC,3722
710 Indigo Creek Road,Indigo Valley,VIC,3688
2 Church Street,Briagolong,VIC,3860
140 Henry Street,Lindenow,VIC,3865
17-23 Powlett Street,Broadford,VIC,3658
8 - 10 Impey Street,Murchison,VIC,3610
585 Kangaroo Grd-St Andrews Rd,Panton Hill,VIC,3759
265 Ralstons Road,Glen Park,VIC,3352
61 Concongella School Road,CONCONGELLA,VIC,3384
31 Great Alpine Road,Bruthen,VIC,3885
123 Gray Street,Swan Hill,VIC,3585
2 Martley Street,Porepunkah,VIC,3740
1 Kensington Road,Leopold,VIC,3224
54 High Street,Inverleigh,VIC,3321
170 Glen Iris Road,Glen Iris,VIC,3146
11 Trawalla Road,Trawalla,VIC,3373
25 Peel Street,Quarry Hill,VIC,3550
9 Warreen Street,Sebastopol,VIC,3356
39-41 Prince St,Woodside,VIC,3874
MacKinnon's Bridge Road,Noorat,VIC,3265
210 Bridport Street,Albert Park,VIC,3206
Cnr. Electra & Parker Street,Williamstown,VIC,3016
582 Boneo Road,Boneo,VIC,3939
20 Stevens Street,Queenscliff,VIC,3225
42 School Road,Portland North,VIC,3305
395 Bet Bet Creek Road,Timor,VIC,3465
46 Laidlaw Street,Apsley,VIC,3319
9 Uxbridge Street,Strathfieldsaye,VIC,3551
395 Ballarto Road,Skye,VIC,3977
5185 Northern Highway,Tooborac,VIC,3522
35 Howitt Avenue,Eastwood,VIC,3875
10 Clarkes Road,Upper Plenty,VIC,3756
60 Lee Street,Carlton North,VIC,3054
109 High Street,Maldon,VIC,3463
1360 Healesville Road,Woori Yallock,VIC,3139
1349 Ararat-Halls Gap Road,Moyston,VIC,3377
202 Simpson Street,Buninyong,VIC,3357
15 Falls Road,Marysville,VIC,3779
Crn Kyneton/Heathcote & Parsells Rd,Langley,VIC,3444
43-51 Rail Street,Wandong,VIC,3758
177 Settlement Road,Cowes,VIC,3922
131 Bullarto South Road,Bullarto,VIC,3461
77 William Street,Lismore,VIC,3324
126-144 Main Road,Lower Plenty,VIC,3093
25 Inglewood Street,Golden Square,VIC,3555
249 Princes Highway,Bolwarra,VIC,3305
High Street,Navarre,VIC,3384
5 Werrigar Street,Warracknabeal,VIC,3393
2799 Wangaratta-Whitfield Road,Moyhu,VIC,3732
10 School Road,Natte Yallock,VIC,3465
185 Gold St,Clifton Hill,VIC,3068
1409 Eltham-yarra Glen Road,Christmas Hills,VIC,3775
1 Wonga Grove,Tallangatta,VIC,3700
128 Central Kialla Road,Kialla,VIC,3631
Wooralla Drive,Mount Eliza,VIC,3930
22 Bergin Grove,San Remo,VIC,3925
Hindmarsh Street,Dimboola,VIC,3414
18 Church Street,Whorouly,VIC,3735
1820 Mount Buller Road,Merrijig,VIC,3723
2 Stephenson Street,Lethbridge,VIC,3332
1050 Wangaratta-Whitfield Road,Oxley,VIC,3678
33 Helen Street,Northcote,VIC,3070
210 Errol Street,North Melbourne,VIC,3051
174-182 Foster Street,Dandenong,VIC,3175
28 Cameron Street,Malmsbury,VIC,3446
133 Melbourne Road,Williamstown,VIC,3016
75 - 79 Victoria Street,Kerang,VIC,3579
535 Main Neerim Road,Drouin West,VIC,3818
5 Wallace Street,Meredith,VIC,3333
832 Edi-Cheshunt Road,Edi Upper,VIC,3678
1-9 Bendigo-Pyramid Road,Eaglehawk,VIC,3556
16-18 O'Brien Street,Mooroopna,VIC,3629
49 Carmody Drive,Cairnlea,VIC,3023
8-14 Duncan Street,Ballan,VIC,3342
401 Cobden Street,Ballarat,VIC,3350
28-40 Albert Street,Tatura,VIC,3616
69-77 Wren Street,Toolamba,VIC,3614
155 Harston Road,Tatura,VIC,3616
354 Osbornes Flat Road,Osbornes Flat,VIC,3691
Davey Street,Frankston,VIC,3199
2B Walker Street,Donald,VIC,3480
104 Arrowsmith Street,Beveridge,VIC,3753
2B Brighton Road,St Kilda,VIC,3182
1539 Scarsdale-pitfield Road,Cape Clear,VIC,3351
16 Horners Road,Warburton,VIC,3799
52 Main Road,Tallarook,VIC,3659
11-17 Stanely Street,Barnawartha,VIC,3688
Fergie Street,Fitzroy North,VIC,3068
1-7 Waratah Street,Geelong West,VIC,3218
240 Tyler Street,Preston,VIC,3072
Bayview Road,Tooradin,VIC,3980
78 - 98 Manningtree Road,Hawthorn,VIC,3122
36 Michie Street,Elmore,VIC,3558
Baldock Street,Dookie,VIC,3646
59 Wilson Street,Brighton,VIC,3186
38 Old Noradjuha Road,Natimuk,VIC,3409
Webb Street,Murtoa,VIC,3390
5644 Calder Highway,Big Hill,VIC,3555
Canterbury Street,Clunes,VIC,3370
80 Newall Street,Marnoo,VIC,3387
17 Junction Road,Beechworth,VIC,3747
580 Turnbull Road,Ardmona,VIC,3629
35 Lancefield Road,Kilmore,VIC,3764
23 Russell Street,Macarthur,VIC,3286
Golf Links Road,Barwon Heads,VIC,3227
25 Kennedy Street,Keilor,VIC,3036
8 Elgin Street,Dunolly,VIC,3472
121 Anzac Road,Springhurst,VIC,3682
8 Bridge Street,Trentham,VIC,3458
93 Warrenheip Road,Warrenheip,VIC,3352
10 Carolyn Way,Maiden Gully,VIC,3551
22 Dyer Street,Rupanyup,VIC,3388
26 Grant Street,Goornong,VIC,3557
20 Warrigal Road,Oakleigh,VIC,3166
605 Barrabool Road,Ceres,VIC,3221
Spring Road,Malvern,VIC,3144
102-128 Vincent Street,Daylesford,VIC,3460
835 Ardmona Road,Mooroopna,VIC,3629
21 School Road,Swan Reach,VIC,3903
16 School Road,Amphitheatre,VIC,3468
30 Deans Marsh-Lorne Road,Deans Marsh,VIC,3235
52-66 Clifton Springs Rd,Drysdale,VIC,3222
Charlton Road,St Arnaud,VIC,3478
132 Henry's Sawmill Road,Nullawarre,VIC,3268
67 Smith Street,Macedon,VIC,3440
900 Arthurs Creek Road,Arthurs Creek,VIC,3099
Lyons St,Rye,VIC,3941
2208 Maroondah Highway,Buxton,VIC,3711
24 Humffray Street,Moonambel,VIC,3478
6380 South Gippsland Highway,Longford,VIC,3851
65-67 King Road,Harkaway,VIC,3806
1 Civic Court,Balnarring,VIC,3926
1005 Wangaratta-Eldorado Road,Londrigan,VIC,3678
Clifton Street,Euroa,VIC,3666
101 Kelly Street,Pyramid Hill,VIC,3575
15 School Road,Shepparton East,VIC,3631
Princes Highway,Nicholson,VIC,3882
7370 Goulburn Valley Highway,Kialla West,VIC,3631
Dundas Street,Miners Rest,VIC,3352
40 Beaconsfield Parade,Glenrowan,VIC,3675
Jamieson Street,Warrnambool,VIC,3280
76 Main Road,Devenish,VIC,3726
45-55 Anderson Street,Undera,VIC,3629
4364 Kiewa Valley Highway,Dederang,VIC,3691
149 Patons Road,Axe Creek,VIC,3551
269 Monbulk Road,Silvan,VIC,3795
1224 Howitt Street,Wendouree,VIC,3355
8 Weller Road,Lancaster,VIC,3620
18-22 Sandhurst Street,Raywood,VIC,3570
Alamein Road,Puckapunyal,VIC,3662
82 McKinlay Street,Landsborough,VIC,3384
Bellfield Drive,Lysterfield,VIC,3156
Fox Street,Winton,VIC,3673
Judd Avenue,Merrigum,VIC,3618
5 Beardmore Street,Bethanga,VIC,3691
Lithgow Street,Abbotsford,VIC,3067
157-161 Aberdeen Street,Newtown,VIC,3220
12 Hornby Street,Windsor,VIC,3181
15-31 A'beckett Road,Narre  Warren  North,VIC,3804
4 Dalley Street,Buchan,VIC,3885
2125-2135 Ballan Road,Anakie,VIC,3213
30 Wills Cres,Moolap,VIC,3221
10 Hyde Street,Footscray,VIC,3011
1271 Rochford Road,Newham,VIC,3442
48 Blossom Park Drive,Mill Park,VIC,3082
16 Plumridge Street,White Hills,VIC,3550
58 Church Street,Mount Egerton,VIC,3352
153-161 Princes Way,Drouin,VIC,3818
Brunton Street,Wunghnu,VIC,3635
7431 Mortlake-ararat Road,Maroona,VIC,3377
1080 Jacksons Track,Jindivick,VIC,3818
14 Talgarno School Lane,Talgarno,VIC,3691
348 Bungaree-wallace Road,Bungaree,VIC,3352
21 Flinders Street,Little River,VIC,3211
1- 11 Church Street,Cowwarr,VIC,3857
77 Gorge Road,South Morang,VIC,3752
50 Gaol Rd,Bendigo,VIC,3550
10-14 Bourke Street,Pyalong,VIC,3521
60 Main Street,Winchelsea,VIC,3241
15 Old Sale Road,Buln Buln,VIC,3821
401 Macarthur Street,Soldiers Hill,VIC,3350
135 Slater Street,Elliminyt,VIC,3249
Vale Street,Mornington,VIC,3931
34 - 50 Andrews Street,Hamilton,VIC,3300
527 Millers Road,Blowhard,VIC,3352
93 Macs Street,Creswick,VIC,3363
601 Chisholm Street,Ballarat,VIC,3350
19 Windermere Crescent,Brighton,VIC,3186
270 Barker Street,Castlemaine,VIC,3450
552 Yan Yean Road,Yarrambat,VIC,3091
14 - 24 Mc Pherson Street,Casterton,VIC,3311
5 Bromley Street,Nathalia,VIC,3638
313a Pakington Street,Newtown,VIC,3220
130 Grimshaw Street,Greensborough,VIC,3088
Main Road,Teesdale,VIC,3328
Bakewell Street,Cranbourne,VIC,3977
4 - 6 Currajong Avenue,Katamatite,VIC,3649
26 School Road,Buangor,VIC,3375
2-4 Hawken Street,Leitchville,VIC,3567
2425-2435 Plenty Road,Whittlesea,VIC,3757
8 Monte Street,Nerrina,VIC,3350
49 Inkerman Street,Ballarat,VIC,3350
44 Bowen Street,Warragul,VIC,3820
Cr Graham&Eltham-Yarra Glen Rd,Kangaroo Ground,VIC,3097
13 - 19 Keith Morgan Drive,Traralgon South,VIC,3844
124 Church Street,Coleraine,VIC,3315
1939 Murray Valley Highway,Lake Charm,VIC,3581
2260 Westernport Road,Ripplebrook,VIC,3818
12 Quinn Street,Numurkah,VIC,3636
40 Albert Street,Moe,VIC,3825
200 Yarra Street,South Geelong,VIC,3220
2 Birch Street,Bayswater,VIC,3153
21 Main Street,Minyip,VIC,3392
23-31 Gladeswood Drive,Mulgrave,VIC,3170
65 Loch Street,Yarragon,VIC,3823
Main Road,Tyers,VIC,3844
84 School Road,Trafalgar,VIC,3824
20 Mcmahons Rd,Kinglake,VIC,3763
13 Community Place,Ellinbank,VIC,3821
890 Tambo Upper Road,Tambo Upper,VIC,3885
7 Verbena Street,Baranduda,VIC,3691
15 -17 Tower Street,Tungamah,VIC,3728
1290 Nar Nar Goon - Longwarry Road,Bunyip,VIC,3815
School Road,Gunbower,VIC,3566
27 Spencer Street,Nar Nar Goon,VIC,3812
5 Harriet Street,Toora,VIC,3962
17-21 Leith Road,Montrose,VIC,3765
9 Punt Road,Koondrook,VIC,3580
61 Docwra Street,Magpie,VIC,3352
Kiewa Valley Highway,Tawonga,VIC,3697
32 School Road,Narracan,VIC,3824
3061 Westernport Road,Drouin South,VIC,3818
3790 Omeo Highway,Eskdale,VIC,3701
6 Graham Street,Darnum,VIC,3822
Cnr Derril Rd & Mornington Tyabb Rd,Moorooduc,VIC,3933
Cnr Liverpool Road & Mountain Highway,The Basin,VIC,3154
31 - 47 Ashley Street,Paynesville,VIC,3880
Howard Street,Epsom,VIC,3551
62-74 McCracken Street,Kensington,VIC,3031
121 Church Road,Hazelwood North,VIC,3840
Balook Street,Mirboo North,VIC,3871
30 Main Street,Yinnar,VIC,3869
180 Main Neerim Road,Neerim South,VIC,3831
124 Waterdale Road,Ivanhoe,VIC,3079
100 Newcombe Street,Portarlington,VIC,3223
12 School Road,Menzies Creek,VIC,3159
68 Fitzroy Street,St Kilda,VIC,3182
35 School Road,Labertouche,VIC,3816
Plumpton Road,Diggers Rest,VIC,3427
5 McCrae Street,Longwarry,VIC,3816
50 Main Street,Gembrook,VIC,3783
13 -19 Fisk Street,Wurruk,VIC,3850
39-45 Moe-Willow Grove Road,Willow Grove,VIC,3825
700 Gembrook-Launching Place Road,Hoddles Creek,VIC,3139
40 Stoney Creek Road,BEACONSFIELD UPPER,VIC,3808
3580 Katamatite Road,Congupna,VIC,3633
31 School Road,Redesdale,VIC,3444
17 Tooronga Road,Malvern East,VIC,3145
Carter Street,Launching Place,VIC,3139
215 Rathdowne Street,Carlton,VIC,3053
Bank Street,Ascot Vale,VIC,3032
Tarwin Street,Boolarra,VIC,3870
Point Nepean Road,Rosebud,VIC,3939
28-34 Moody Street,Koo Wee Rup,VIC,3981
9-23 Densham Road,Armadale,VIC,3143
120 Craigie Rd,Mount Martha,VIC,3934
37 Eramosa Road East,Somerville,VIC,3912
14 Warranooke Street,Willaura,VIC,3379
21-31 Eyre Street,Echuca,VIC,3564
49 Myer Street,Lakes Entrance,VIC,3909
1673 Benalla Whitfield Road,Myrrhee,VIC,3732
1-21 Hurley Street,Longwood,VIC,3665
10 Grant Street,Forrest,VIC,3236
Langridge Street,Fairfield,VIC,3078
76 Bloomfield Road,Nilma,VIC,3821
84 Railway Avenue,Garfield,VIC,3814
Brewsters Road,Yinnar South,VIC,3869
13-23 Tivendale Rd,Officer,VIC,3809
56 Brunswick Road,Brunswick East,VIC,3057
10 Ruskin Street,Orbost,VIC,3888
Bayview Avenue,Inverloch,VIC,3996
2 Beatrice Avenue,Surrey Hills,VIC,3127
100 Montague Street,South Melbourne,VIC,3205
Findlay Street,Strathmerton,VIC,3641
1574 Northern Grampians Road,Laharum,VIC,3401
4 Main Street,Walwa,VIC,3709
194 Richardson Street,Middle Park,VIC,3206
639 Warburton Highway,Seville,VIC,3139
30 Powell Street,Yarraville,VIC,3013
157-163 Moreland Road,Coburg,VIC,3058
253 Moe-Willow Grove Road,Tanjil South,VIC,3825
2859 Ararat - Halls Gap Road,Pomonal,VIC,3381
44 Murphy Street,Brighton,VIC,3186
41 - 45 Cairnbrook Road,Glengarry,VIC,3854
51 Truganini Road,Carnegie,VIC,3163
52 Westernport Road,Lang Lang,VIC,3984
Cnr Kent Avenue & Croydon Road,Croydon,VIC,3136
150 Athol Street,Moonee Ponds,VIC,3039
294 Mitcham Road,Mitcham,VIC,3132
2 Victoria Road,Loch,VIC,3945
175-189 San Mateo Avenue,Mildura,VIC,3500
185 Surrey Road,Blackburn,VIC,3130
2-4 McLaughlins Road,Newmerella,VIC,3886
415 Graham Street,Port Melbourne,VIC,3207
51 Rathmines Road,Hawthorn East,VIC,3123
6 Childers Street,Mentone,VIC,3194
280 Pigdon Street,Carlton North,VIC,3054
99 Killara Road,Gruyere,VIC,3770
1570 Main Road,Research,VIC,3095
Baxter-tooradin Road,Pearcedale,VIC,3912
607 Lindenow-Glenaladale Road,Lindenow South,VIC,3875
19 Robinson Street,Thorpdale,VIC,3835
39 West Esplanade,St Albans,VIC,3021
Nerrena Road,Leongatha,VIC,3953
Sands Avenue,Jeparit,VIC,3423
Canterbury Road,Toorak,VIC,3142
Grant Road,Baxter,VIC,3911
10 Foster Road,Fish Creek,VIC,3959
71-77 Old Princes Highway,Beaconsfield,VIC,3807
90 Stirling Road,Metung,VIC,3904
12-22 School Avenue,Newhaven,VIC,3925
10-14 School Road,Halls Gap,VIC,3381
24-34 Victoria Street,Tallygaroopna,VIC,3634
121 Wheatley Road,Ormond,VIC,3204
6 - 16 Mine Road,Korumburra,VIC,3950
70 Milne Street,Crib Point,VIC,3919
362 Gaffney Street,Pascoe Vale,VIC,3044
3377 Whittlesea Yea Road,Flowerdale,VIC,3717
1 - 23 Draper Street,Ocean Grove,VIC,3226
Henty Highway,Beulah,VIC,3395
Miller Street,Fitzroy North,VIC,3068
Cnr Hampshire & Derby Roads,Sunshine,VIC,3020
186 Mornington-Tyabb Road,Tyabb,VIC,3913
Wales Street,Thornbury,VIC,3071
1037 Sandy Creek Road,Sandy Creek,VIC,3695
193 Spensley Street,Clifton Hill,VIC,3068
35 Kitchener Street,Kew East,VIC,3102
110 Koorlong Avenue,Nichols Point,VIC,3501
2032 15th Street,Irymple,VIC,3498
195a Stewart Street,Brunswick East,VIC,3057
43 School Road,Eagle Point,VIC,3878
2370 Warburton Highway,Yarra Junction,VIC,3797
399 Mt Dandenong Tourist Road,Sassafras,VIC,3787
School Road,Ferny Creek,VIC,3786
Main Road,Toolangi,VIC,3777
Dudley Road,Wonga Park,VIC,3115
1041-1061 Whittlesea-Kinglake Rd,Kinglake West,VIC,3757
Centreway,French Island,VIC,3921
1 Main Road,Monbulk,VIC,3793
8 Williams Street,Lake Boga,VIC,3584
705 Chum Creek Road,Chum Creek,VIC,3777
13 - 15 Farndons Road,Mount Dandenong,VIC,3767
Church Street,Nullawil,VIC,3529
139 Badger Creek Rd,Healesville,VIC,3777
RSD 1 Extons Road,Kinglake Central,VIC,3757
22 Bowen Road,Point Lonsdale,VIC,3225
1445 Wonthaggi Korumburra Road,Kongwak,VIC,3951
1166 Centre Road,Clarinda,VIC,3169
194 Thames Promenade,Chelsea Heights,VIC,3196
608 - 610 Wallington Road,Wallington,VIC,3222
1536 Burwood Highway,Tecoma,VIC,3160
45-55 Grossmans Road,Torquay,VIC,3228
10 Heroes Avenue,Emerald,VIC,3782
2-6 Church Road,Carrum,VIC,3197
Grundy Avenue,Nyora,VIC,3987
1137 Exford Road,Exford,VIC,3338
Cnr Cameron & O'Connor Street,Ultima,VIC,3544
37-45 Park Lane,Mount Waverley,VIC,3149
Jorgensen Street,Marlo,VIC,3888
Hobart Road,Murrumbeena,VIC,3163
2850 Warburton Highway,Wesburn,VIC,3799
3645 Benetook Ave,Koorlong,VIC,3501
1 Wellington Park Drive,Warranwood,VIC,3134
690 Willowmavin Road,Willowmavin,VIC,3764
45 Charlemont Lane,Olinda,VIC,3788
49 Moomowroong Road,Carlisle River,VIC,3239
104-110 Spring Gully Road,Bendigo,VIC,3550
25 Bucknall Street,Mallacoota,VIC,3892
90 Warrandyte Road,Langwarrin,VIC,3910
19-33 Belgrave-Gembrook Road,Cockatoo,VIC,3781
88 The Crescent,Tyabb,VIC,3913
175 Colby Drive,Belgrave South,VIC,3160
Highview Road,Preston,VIC,3072
39-49 Community Hub,Sydenham,VIC,3037
Molesworth Street,Canterbury,VIC,3126
225 Seventeenth Street,Cabarita,VIC,3505
30 - 44 Grey Street,Traralgon,VIC,3844
Pearson Street,Brunswick West,VIC,3055
Lorne Street,Fawkner,VIC,3060
Yarralea Street,Alphington,VIC,3078
145 Studley Road,Heidelberg,VIC,3084
520 Bona Vista Road,Bona Vista,VIC,3820
90 Cadles Road,Carrum Downs,VIC,3201
146 Settlement Road,Bundoora,VIC,3083
405 Macclesfield Road,Macclesfield,VIC,3782
71 Arkaringa Crescent,Black Rock,VIC,3193
33 Monbulk Road,Mount Evelyn,VIC,3796
Durham Road,Kilsyth,VIC,3137
18 Billson Street,Wonthaggi,VIC,3995
Melbourne Road,Spotswood,VIC,3015
13 Oroya Grove,Clyde,VIC,3978
65 Buckley Street,Noble Park,VIC,3174
958a Burke Road,Deepdene,VIC,3103
1020 Deptford Road,Clifton Creek,VIC,3875
60 Crook Street,Kennington,VIC,3550
2405 Ballarto Road,Cardinia,VIC,3978
85 Grahamvale Road,Grahamvale,VIC,3631
3208 Fifteenth Street,Irymple,VIC,3498
Grange Road,Glen Huntly,VIC,3163
159 Bennett Road,Nanneella,VIC,3561
120 Mountain Highway,Wantirna,VIC,3152
Cnr White & Wentworth Road,Wonthaggi,VIC,3995
38 - 46 Exford Road,Melton South,VIC,3338
34-44 Argyle Ave,Chelsea,VIC,3196
528 Hampton Street,Hampton,VIC,3188
597 St Kilda Road,Melbourne,VIC,3004
4 School Road,Balliang East,VIC,3340
42-54 Edithvale Road,Edithvale,VIC,3196
300 Channel Road,Orrvale,VIC,3631
370 Victoria Road,Thornbury,VIC,3071
67 Cotter Street,Underbool,VIC,3509
186 Balaclava Road,Caulfield North,VIC,3161
Mcrae Street,Seaford,VIC,3198
225 Warrigal Road,Burwood,VIC,3125
61 Browning Avenue,Murrabit,VIC,3579
383 Murray Road,Preston,VIC,3072
16-22 Hutton Street,Thornbury,VIC,3071
Argyle Street,West Footscray,VIC,3012
220 Warburton Highway,Wandin North,VIC,3139
66 Landcox Street,Brighton East,VIC,3187
99 Dalgetty Road,Beaumaris,VIC,3193
2 Ridge Road,Dookie Campus,VIC,3647
20-24 Tamboon Road,Cann River,VIC,3890
109 Blyth Street,Altona,VIC,3018
50 Worthing Road,Devon Meadows,VIC,3977
Talaskia Road,Upper Ferntree Gully,VIC,3156
45 High Street,Eildon,VIC,3713
Portsmouth Road,Bittern,VIC,3918
56 Mitchell Street,Colbinabbin,VIC,3559
48 Midland Highway,Stanhope,VIC,3623
961-989 Heidelberg-Kinglake Rd,Hurstbridge,VIC,3099
185-187 Reynard Street,Coburg,VIC,3058
Scott Street,Elwood,VIC,3184
Barloa Road,Mont Albert,VIC,3127
605 Langham Road,Dhurringile,VIC,3610
5 School Ridge Road,Strathewen,VIC,3099
Old Dalry Road,Don Valley,VIC,3139
Duffy Street,Reservoir,VIC,3073
2A Reserve Street,Yallourn North,VIC,3825
315 Lake Tyers Beach Road,Lake Tyers Beach,VIC,3909
528 Winter Road,Girgarre,VIC,3624
550 Little Yarra Road,Gladysdale,VIC,3797
219-227  Ninth Street,Mildura,VIC,3500
87 Wilson Street,Moonee Ponds,VIC,3039
58 Bishop Street,Yarraville,VIC,3013
72 Monbulk Road,Kallista,VIC,3791
112 Keilor Road,Essendon North,VIC,3041
Langs Rd,Ascot Vale,VIC,3032
Milverton St,Camberwell,VIC,3124
Murray Avenue,Red Cliffs,VIC,3496
16-24 Reynolds Road,Wattle Glen,VIC,3096
32 Somerville Road,Hampton Park,VIC,3976
12 Ligar Street,Colac,VIC,3250
25 Carrington Grove,St Kilda East,VIC,3183
60a Rattray Road,Montmorency,VIC,3094
785 Hendy Main Road,Moriac,VIC,3240
172 Oban Road,Ringwood North,VIC,3134
Block 67a Nerrum Avenue,Red Cliffs,VIC,3496
Lloyd Street,Malvern East,VIC,3145
Stuart Street,Bayswater North,VIC,3153
2-10 Pascoe Street,Pascoe Vale,VIC,3044
18 - 50 Ponsford Drive,Point Cook,VIC,3030
14 Rosamond Road,Footscray,VIC,3011
226 Airly Estate Road,Airly,VIC,3851
Peate Avenue,Glen Iris,VIC,3146
305-311 Nepean Highway,Parkdale,VIC,3195
Brine Street,Hughesdale,VIC,3166
45 Brooke St & 311 Clarke St,Northcote,VIC,3070
419 Tooronga Road,Hawthorn East,VIC,3123
23 Laura Street,Aspendale,VIC,3195
35-47 Wattletree Road,Eltham North,VIC,3095
158 Merrivale Drive,Warrnambool,VIC,3280
32 Birdwood Avenue,Dandenong,VIC,3175
222 - 228 Yarra Road,Croydon,VIC,3136
1 Doone Street,Essendon,VIC,3040
20-24 Strachan Avenue,Manifold Heights,VIC,3218
455 Nungurner Road,Nungurner,VIC,3909
111-115 Centre Dandenong Road,Dingley Village,VIC,3172
415 Dairtnunk Avenue,Cardross,VIC,3496
61-81 Adelaide Street,Albion,VIC,3020
Lemnos Road,Lemnos,VIC,3631
School Road,Tarwin Lower,VIC,3956
33 Klauer St,Seaford,VIC,3198
South Daly Street,Brunswick West,VIC,3055
78A Oakover Road,Preston,VIC,3072
47A Weybridge Street,Surrey Hills,VIC,3127
24 Bundeera Road,Caulfield South,VIC,3162
Fakenham Road,Ashburton,VIC,3147
23 Brewer Road,Bentleigh,VIC,3204
15 Prospect Road,Seaspray,VIC,3851
85 Camp Road,Anglesea,VIC,3230
25 Gladstone Road,Briar Hill,VIC,3088
245 Zeerust Road,Zeerust,VIC,3634
253 Tucker Road,Ormond,VIC,3204
539 Clayton Road,Clayton South,VIC,3169
35 Warncliffe Road,Ivanhoe East,VIC,3079
3 Crofts Road,Cobains,VIC,3851
593 Deakin Avenue,Mildura South,VIC,3501
1B Tate Street,Geelong East,VIC,3219
Culloden Street,Brunswick West,VIC,3055
17-27 Bankin Street,Katandra West,VIC,3634
97 Fleetwood Drive,Narre Warren,VIC,3805
9 Holloway Road,Sandringham,VIC,3191
33 Civic Parade,Seaholme,VIC,3018
87 Camp Hill Road,Somers,VIC,3927
50 Flemington Street,TRAVANCORE,VIC,3032
15 Darling Avenue,Upwey,VIC,3158
180 O'Hea Street,Coburg,VIC,3058
Grandview Grove,Rosanna,VIC,3084
16 Tyner Road,Wantirna South,VIC,3152
14-34 Lloyd Street,Strathmore,VIC,3041
Buchanan Avenue,Balwyn North,VIC,3104
Winton Road,Ashburton,VIC,3147
47-49 Phillipson Street,Wangaratta,VIC,3677
Lakeside Avenue,Mount Beauty,VIC,3699
2-26 Murphy Street,Preston,VIC,3072
124 Lord Somers Road,Somers,VIC,3927
24 Murray Road,Newborough,VIC,3825
7 Stockdale Road,Traralgon,VIC,3844
1-19 Gowrie Street,Shepparton,VIC,3630
Carmichael Street,Tootgarook,VIC,3941
34 South Street,Moe,VIC,3825
183 Roslyn Road,Belmont,VIC,3216
Cnr Woods St & Maddox Rd,Newport,VIC,3015
120 St Georges Road,Shepparton,VIC,3630
Abbotsford Avenue,Malvern East,VIC,3145
300 Old Sale Road,Newborough,VIC,3825
49 Stroud Street,Balwyn,VIC,3103
159-165 Beaconsfield Parade,Northcote,VIC,3070
2-24 Gwynne Street,Hamlyn Heights,VIC,3218
6A Ashleigh Avenue,Frankston,VIC,3199
2 Morley Street,Selby,VIC,3159
58 Boldrewood Parade,Reservoir,VIC,3073
16 Tucker Rd,Bentleigh,VIC,3204
24 CARTER STREET,Katunga,VIC,3640
513 Landsborough Street,Ballarat,VIC,3350
44 Leumeah Road,Bandiana,VIC,3694
Reading Avenue,Balwyn North,VIC,3104
5 O'Dowds Road,Warragul,VIC,3820
24 Hillary Street,Horsham,VIC,3400
36 Kosciuszko Street,Traralgon,VIC,3844
148 Liddiard Road,Traralgon,VIC,3844
49a Alexandra Road,Ringwood East,VIC,3135
411-429 Reynard Street,Pascoe Vale South,VIC,3044
26 Maxwell Street,Lalor,VIC,3075
5a Carrington Road,Reservoir,VIC,3073
21 Mackie Road,Bentleigh East,VIC,3165
88 Koonung Road,Blackburn North,VIC,3130
Grange Street,Oakleigh South,VIC,3167
Elizabeth Street,Box Hill North,VIC,3129
111 Forest Road,Ferntree Gully,VIC,3156
Kneebone Street,Ararat,VIC,3377
Willett Avenue,Oak Park,VIC,3046
117-125 Cleeland Street,Dandenong,VIC,3175
Cnr Wallace & Mckean Streets,Bairnsdale,VIC,3875
48-68 Prouses Road,Bendigo,VIC,3550
495 Princes Hwy,Noble Park,VIC,3174
Kent Road,Pascoe Vale,VIC,3044
20 Highview Road,Balwyn North,VIC,3104
28 Dorothy Avenue,Belmont,VIC,3216
Cnr Elizabeth & King Streets,Moe,VIC,3825
25 McArthur Avenue,St Albans,VIC,3021
Cnr Bourchier St & Balaclava R,Shepparton,VIC,3630
118 Chapman Street,Swan Hill,VIC,3585
1-19 Mailey Street,Sunshine,VIC,3020
65 - 71 Suffolk Road,Sunshine North,VIC,3020
Banyule Road,Rosanna,VIC,3084
133-141 Edgar Street,Portland,VIC,3305
Interlaken Parade,Rosanna,VIC,3084
44 Silver Street,Cheltenham,VIC,3192
Pearcedale Road,Cranbourne South,VIC,3977
38 - 50 White Street,Wangaratta,VIC,3677
25 Gillies Street North,Lake Gardens,VIC,3355
93 Tyler Street,East Preston,VIC,3072
Rupert St,Orbost,VIC,3888
Libau Avenue,Bell Park,VIC,3215
87 - 91 Grand Boulevard,Craigieburn,VIC,3064
Ward Street,Warrnambool,VIC,3280
238 Wilson Street,Colac,VIC,3250
32-48  George Street,Hamilton,VIC,3300
44 Valkstone Street,Bentleigh East,VIC,3165
Towerhill Road,Frankston,VIC,3199
32 St Leonards Ave,Yarraville,VIC,3013
276 Ballarat Road,Braybrook,VIC,3019
29-63 Breeze Street,Bonbeach,VIC,3196
959 Heatherton Road,Springvale,VIC,3171
Wood Street,Beaumaris,VIC,3193
2-24 Chaucer Street,Hamlyn Heights,VIC,3215
27 Liege Avenue,Noble Park,VIC,3174
Mt Pleasant Road,Nunawading,VIC,3131
York Street,Glenroy,VIC,3046
52 Kirkham Road,Dandenong,VIC,3175
65 George Street,St Albans,VIC,3021
24 Wood Street,Avondale Heights,VIC,3034
2 - 14 Cassowary Street,Doncaster East,VIC,3109
Lawrence Street,Wodonga,VIC,3690
10 Kalmia Street,Frankston,VIC,3199
178 Dorking Road,Box Hill North,VIC,3129
Louis Street,Heathmont,VIC,3135
Mascoma Street,Strathmore,VIC,3041
Riley Street,Oakleigh South,VIC,3167
82 Cedar Street,Thomastown,VIC,3074
36 Solomon Street,Mount Waverley,VIC,3149
Bignell Road,Bentleigh East,VIC,3165
Nell Street West,Watsonia,VIC,3087
Robert Street,Parkdale,VIC,3195
631-639 Whitehorse Road,Mitcham,VIC,3132
1A Maryborough Avenue,Kingsbury,VIC,3083
2 Walsh Street,Ormond,VIC,3204
Suspension Street,Ardeer,VIC,3022
Fairbank Road,Clayton South,VIC,3169
Broadmeadows Road,Tullamarine,VIC,3043
Dawson Street,Sale,VIC,3850
1-3 Bowmore Avenue,Park Orchards,VIC,3114
67-73 Furlong Road,Sunshine North,VIC,3020
12 - 14 Florence Street,Blackburn,VIC,3130
Janet Street,Blackburn,VIC,3130
50-76 Wolseley Grove,Bell Post Hill,VIC,3215
370-380 Springvale Road,Donvale,VIC,3111
59-71 Larcombe Street,Highton,VIC,3216
27-35 Pinewood Drive,Mount Waverley,VIC,3149
62-70 Blair Street,Broadmeadows,VIC,3047
111 Anderson Road,Fawkner,VIC,3060
Ronald Grove,Keilor East,VIC,3033
24 - 36 Hinkley Ave,Croydon,VIC,3136
38-54 Jolimont Road,Forest Hill,VIC,3131
120 Flinders Avenue,Lara,VIC,3212
18 Panfield Avenue,Ringwood,VIC,3134
1 Tucker Street,Cranbourne,VIC,3977
2-10 Nevin Parade,Viewbank,VIC,3084
Mine Street,Greensborough,VIC,3088
91 Morris Road,Upwey,VIC,3158
1 Cockayne Street,Simpson,VIC,3266
16 Grove Street,Eltham,VIC,3095
30 Belvedere Road,Seaford,VIC,3198
22 - 30 Essex Road,Mount Waverley,VIC,3149
Adele Avenue,Ferntree Gully,VIC,3156
Manuka Drive,Ferntree Gully,VIC,3156
25 Tormore Road,Boronia,VIC,3155
Rica Street,Moorabbin,VIC,3189
60 Summit Crescent,Ringwood North,VIC,3134
208 Hilton St,Glenroy,VIC,3046
18 - 20 Ruskin Ave,Croydon,VIC,3136
1430 Heatherton Road,Dandenong,VIC,3175
37 Cook Street,Newtown,VIC,3220
Mallum Avenue,Frankston,VIC,3199
274-288 Gallaghers Rd,Glen Waverley,VIC,3150
14 Montgomery Avenue,Mount Waverley,VIC,3149
64 Buena Vista Drive,Montmorency,VIC,3094
2 Berend Street,Hampton East,VIC,3188
51 Cresser Street,Altona North,VIC,3025
Cnr Hawthorn & Mahoneys Rds,Burwood East,VIC,3151
80-88 Cooper Street,Stawell,VIC,3380
61 Henry Street,Greensborough,VIC,3088
Cnr Forest & Hancock Streets,Wendouree,VIC,3355
25 Pembroke Road,Mooroolbark,VIC,3138
23 Jenkens Street,Frankston North,VIC,3200
84-90 Wilmot Road,Shepparton,VIC,3630
6 Bendoran Crescent,Bundoora,VIC,3083
Lister Street,St Albans,VIC,3021
Norwich Street,St Albans,VIC,3021
1 Mitchell Street,Kerang,VIC,3579
15- 41 Koroit Avenue,Broadmeadows,VIC,3047
Broome Avenue,Mentone,VIC,3194
Elata Street,Donvale,VIC,3111
16-26 Barton Street,Bell Park,VIC,3215
Landscape Drive,Boronia,VIC,3155
7 Allen Street,Glen Waverley,VIC,3150
Coleman Parade,Churchill,VIC,3842
21-31 Lambhill Crescent,Highton,VIC,3216
Enfield Drive,Bayswater,VIC,3153
81 Hallifax Street,Seaford,VIC,3198
76 - 82 Vary Street,Morwell,VIC,3840
39 Cleveland Street,Thomastown,VIC,3074
40-46 Mulhall Drive,St Albans,VIC,3021
150 Palmerston Street,Carlton,VIC,3053
45a Kidman Avenue,Belmont,VIC,3216
15 Birchwood Avenue,Lower Templestowe,VIC,3107
33 Ashton Street,Glen Waverley,VIC,3150
16 Sharpes Road,Watsonia North,VIC,3087
89-105 Carlton Road,Dandenong,VIC,3175
Kathryn Road,Knoxfield,VIC,3180
Heyington Avenue,Doncaster,VIC,3108
66 Blake Street,Ararat,VIC,3377
Overport Road,Frankston South,VIC,3199
98-112 Main Street,Thomastown,VIC,3074
Paratea Drive,Rowville,VIC,3178
15a Langridge Street,Hoppers Crossing,VIC,3029
276-300 High Street,Templestowe Lower,VIC,3107
61 Belar Avenue,Frankston,VIC,3199
479-491 Elizabeth Drive,Sunbury,VIC,3429
15 - 25 South Circular Road,Gladstone Park,VIC,3043
Monomeith Street,Mooroolbark,VIC,3138
55 Nottingham Street,Glen Waverley,VIC,3150
118 Hayrick Lane,Mooroolbark,VIC,3138
Wattletree Road,Ferntree Gully,VIC,3156
17 Outlook Crescent,Briar Hill,VIC,3088
Colchester Drive,Doncaster East,VIC,3109
33-69 Guthrie Street,Shepparton,VIC,3630
Patten Street,Sale,VIC,3850
"Suite 1.4, Level 1",Parkville,VIC,3052
22-30 Livingstone Road,Vermont South,VIC,3133
411 Grimshaw Street,Bundoora,VIC,3083
Quinn Street,Deer Park,VIC,3023
1-13 Laurel Crescent,Campbellfield,VIC,3061
2 Derna Crescent,Lalor,VIC,3075
2 Rathdowne Circuit,Melton West,VIC,3337
129-163 Main Hurstbridge Road,Diamond Creek,VIC,3089
1-5 Ninevah Crescent,Wheelers Hill,VIC,3150
Phyllis Street,Bayswater,VIC,3153
Robertson Drive,Mornington,VIC,3931
15 Cartwright Street,Wodonga,VIC,3690
14B Silver Avenue,Frankston North,VIC,3200
25 Lennox Street,Richmond,VIC,3121
Hardy Crescent,Heathmont,VIC,3135
52 Kings Road,St Albans,VIC,3021
43-49 Francis Crescent,Mount Evelyn,VIC,3796
33-57 Warringa Crescent,Hoppers Crossing,VIC,3029
1-23 Kermeen Street,Sunshine West,VIC,3020
Havana Crescent,Frankston,VIC,3199
38-64 Wallarano Drive,Noble Park,VIC,3174
44 Victoria Road,Lilydale,VIC,3140
106-112 Taylor Road,Mooroolbark,VIC,3138
59-75 Murray Street,Sunshine West,VIC,3020
48 Gladesville Drive,Kilsyth,VIC,3137
15 Slalom Street,Falls Creek,VIC,3699
100 Victoria Street,Flemington,VIC,3031
7-21 Prospect Hill Road,Narre Warren,VIC,3805
Tintern Avenue,Ringwood East,VIC,3135
85 Heyers Road,Grovedale,VIC,3216
47 Staff Street,Moe,VIC,3825
14 Naranga Crescent,Frankston,VIC,3199
Greenaway Drive,Ferntree Gully,VIC,3156
18-36 Mawson Avenue,Deer Park,VIC,3023
25 Murray Road,Dandenong North,VIC,3175
45 MacIsaac Road,Mooroopna,VIC,3629
26-42 Richard Road,Melton South,VIC,3338
232-246 Greaves St North,Werribee,VIC,3030
195 - 227 Carrick Drive,Gladstone Park,VIC,3043
134-148 Whites Lane,Wheelers Hill,VIC,3150
Montpellier Road,Ashwood,VIC,3147
Dimboola Road,Broadmeadows,VIC,3047
49-61 Pleasant Road,Bulleen,VIC,3105
25 Farm Road,Cheltenham,VIC,3192
36-42 Drysdale Road,Warrandyte,VIC,3113
11 Columbia Drive,Wheelers Hill,VIC,3150
1-25 Plaza Crescent,Dingley Village,VIC,3172
1 Tasma Street,Ascot Vale,VIC,3032
Galahad Crescent,Glen Waverley,VIC,3150
25 - 29 Livingstone Road,Vermont South,VIC,3133
Blackwood Crescent,Churchill,VIC,3842
2A Laurel Street,St Albans,VIC,3021
77-123 Jacksons Road,Noble Park North,VIC,3174
39-49 Kalinda Road,Ringwood,VIC,3134
1-11 Worden Court,Whittington,VIC,3219
Kelso Street,Coldstream,VIC,3770
399-409 Church Road,Templestowe,VIC,3106
63 Fordholm Road,Hampton Park,VIC,3976
50 Amesbury Avenue,Wantirna,VIC,3152
1-11 Rescorla Avenue,Croydon,VIC,3136
Allambi Avenue,Capel Sound,VIC,3940
13-21 Diplomat Drive,Thomastown,VIC,3074
Franciscan Avenue,Frankston,VIC,3199
29-59 James Cook Drive,Endeavour Hills,VIC,3802
39 Gum Road,KINGS PARK,VIC,3021
6 Moseley Drive,Mount Eliza,VIC,3930
25 Silva Drive,West Wodonga,VIC,3690
23 Mill Street,Aspendale,VIC,3195
Sassafras Drive,Frankston,VIC,3199
228 Banksia Street,Bellfield,VIC,3081
Cnr Nott & Pool Streets,Port Melbourne,VIC,3207
4-8 Hume Street,Cobram,VIC,3644
15-25 Academy Avenue,Wheelers Hill,VIC,3150
261 - 269 Mcgrath Road,Wyndham Vale,VIC,3024
2 Verney Road,Shepparton,VIC,3630
41-51 Weeden Drive,Vermont South,VIC,3133
2-10 Blamey Avenue,Mill Park,VIC,3082
14-24 Brentwick Drive,Greensborough,VIC,3088
159-211 Coburns Road,Melton,VIC,3337
13-15 Sandown Road,Springvale,VIC,3171
81 Warringa Crescent,Hoppers Crossing,VIC,3029
Tuckers Road,Templestowe,VIC,3106
37 - 55 Glenisla Drive,Mount Martha,VIC,3934
78-88 Alma Avenue,Altona Meadows,VIC,3028
53 Kallista-Emerald Road,The Patch,VIC,3792
333 Princes Highway,Sale,VIC,3850
17-33 Petronella Avenue,Wheelers Hill,VIC,3150
54-64 Diamond Avenue,Albanvale,VIC,3021
Mcewen Drive,Sunbury,VIC,3429
39 Magpie Street,Ballarat,VIC,3350
50 Kunyung Road,Mount Eliza,VIC,3930
31-43 Civic Drive,Greensborough,VIC,3088
10 Corang Avenue,Grovedale,VIC,3216
26-52 Eldorado Crescent,Meadow Heights,VIC,3048
110 Duff Street,Cranbourne,VIC,3977
130-148 Gladesville Boulevard,Patterson Lakes,VIC,3197
141 East Road,Seaford,VIC,3198
270 Sheffield Road,Montrose,VIC,3765
66 Kimberley Drive,Chirnside Park,VIC,3116
70 Corinella Road,Corinella,VIC,3984
Crestdale Road,Wantirna,VIC,3152
Charter Road East,Sunbury,VIC,3429
21 Nelson Street,Darley,VIC,3340
110-120 Greenhalghs Road,Delacombe,VIC,3356
Stalwart Avenue,Hastings,VIC,3915
71 Scotsburn Way,Endeavour Hills,VIC,3802
27 Cambrian Way,Melton West,VIC,3337
149 Appin Street,Wangaratta,VIC,3677
71-95 Belmont Road East,Croydon South,VIC,3136
96 Landscape Drive,Doncaster East,VIC,3109
139-145 Mansfield Street,Berwick,VIC,3806
58 - 84 Furlong Road,Sunshine North,VIC,3020
4 Jennings Street,Laverton,VIC,3028
127-143 Circular Drive,Sunbury,VIC,3429
16-18 Gertz Ave,Reservoir,VIC,3073
Hickox Street,Traralgon,VIC,3844
54 Gayview Drive,West Wodonga,VIC,3690
10 Echidna Parade,Botanic Ridge,VIC,3977
18 Manooka Street,Burwood East,VIC,3151
139 Appin Street,Wangaratta,VIC,3677
46-62 Paringa Boulevard,Meadow Heights,VIC,3048
Cnr Fawthrop & Edgar Streets,Portland,VIC,3305
25 Old White Hill Road,Dromana,VIC,3936
15A Primrose Hill Close,Endeavour Hills,VIC,3802
14-36 Lesdon Avenue,Cranbourne,VIC,3977
80 Argyle Way,Wantirna South,VIC,3152
1-21 David Collins Drive,Endeavour Hills,VIC,3802
128b Gillespie Road,St Albans,VIC,3021
19-21 Victoria Road,Narre Warren,VIC,3805
40 Robertson Drive,Mornington,VIC,3931
4 Genoa Street,Moorabbin,VIC,3189
52 Landscape Drive,Mooroolbark,VIC,3138
102 Hothlyn Drive,Craigieburn,VIC,3064
Cuthbert Drive,Mill Park,VIC,3082
7 Charlies Street,Loch Sport,VIC,3851
20 Burdap Drive,Mount Evelyn,VIC,3796
120A Wilson Street,Colac,VIC,3250
3 - 6 Gullane Drive,Sunbury,VIC,3429
341-357 Deakin Avenue,Mildura,VIC,3500
12 Margaretta Street,East Bentleigh,VIC,3165
120 Bellbridge Drive,Hoppers Crossing,VIC,3029
Campaspe Drive,Croydon Hills,VIC,3136
37-45 Mowbray Crescent,Melton,VIC,3337
19-27 Northgateway,Langwarrin,VIC,3910
21-35 Chichester Drive,Taylors Lakes,VIC,3038
39 Calendonia Drive,Eltham North,VIC,3095
Cnr Bishop & Gaffney Streets,Coburg,VIC,3058
29 - 35 Dimboola Rd,Broadmeadows,VIC,3047
Ivory Court,Sunshine,VIC,3020
27-33 Yana Street,Swan Hill,VIC,3585
85 Brighton Street,Richmond,VIC,3121
68-76 Davison Street,Richmond,VIC,3121
7-13 Skene Street,Stawell,VIC,3380
17 High Street North,Horsham,VIC,3400
36 Grayland Street,Cobden,VIC,3266
189 Wollaston Road,Warrnambool,VIC,3280
117 Blackwood Street,Yarraville,VIC,3013
84 -146 Jetty Road,Clifton Springs,VIC,3222
Wentworth Avenue,Rowville,VIC,3178
77 Henty Street,Portland,VIC,3305
15 Kerr Street,Hamilton,VIC,3300
11 Duncan Road,Lalor,VIC,3075
101 Orchard Grove,Blackburn South,VIC,3130
22-48 Meadow Glen Drive,Epping,VIC,3076
240 Victoria Street,Altona Meadows,VIC,3028
40 Almond Street,Balwyn North,VIC,3104
55 Burke Street,Warragul,VIC,3820
1 Burnley Street,Laverton,VIC,3028
5 Werrigar Street,Warracknabeal,VIC,3393
145 Coral Drive,Hampton Park,VIC,3976
Maramba Drive,Narre Warren,VIC,3805
67-77 Thomas Mitchell Drive,Endeavour Hills,VIC,3802
Karoo Road,Rowville,VIC,3178
29-35 Goldsmith Avenue,Delahey,VIC,3037
26-32 Lockwood Road,Kangaroo Flat,VIC,3555
66 Wilkinson Drive,Echuca,VIC,3564
96 Kearney Drive,Aspendale Gardens,VIC,3195
35 Gwendoline Drive,Berwick,VIC,3806
Bemersyde Drive,Berwick,VIC,3806
56 Dorset Road,Ferntree Gully,VIC,3156
45 Macedon Parade,Wollert,VIC,3750
750 Eynesbury Road,Eynesbury,VIC,3338
Carruthers Drive,Hoppers Crossing,VIC,3029
Rowellyn Avenue,Carrum Downs,VIC,3201
31 Sycamore Street,Hoppers Crossing,VIC,3029
10 Gum Nut Drive,Langwarrin,VIC,3910
87-93 Pindari Avenue,Mill Park,VIC,3082
Copernicus Way,Keilor Downs,VIC,3038
83-105 Point Cook Road,Seabrook,VIC,3028
54 Dorchester Street,Craigieburn,VIC,3064
85 Walls Road,Werribee,VIC,3030
Buckingham Drive,Rowville,VIC,3178
348 Ontario Avenue,Mildura,VIC,3500
Kilberry Boulevard,Hampton Park,VIC,3976
61 Phillip Drive,Sunbury,VIC,3429
31-65 John Dory Drive,Ocean Grove,VIC,3226
291 Pink Hill Boulevard,Officer,VIC,3809
56 Timbarra Avenue,Werribee,VIC,3030
Cnr Garnet And Teague Street,Niddrie,VIC,3042
79 - 93 Kurrajong Road,Narre Warren,VIC,3805
37a Thames Boulevard,Werribee,VIC,3030
Tulip Street,Violet Town,VIC,3669
76 - 94 Laura Avenue,Belmont,VIC,3216
164 Halletts Way,Bacchus Marsh,VIC,3340
15 Kennedy Road,Pakenham,VIC,3810
35 Rosebank Drive,Cranbourne North,VIC,3977
34 Worwong Ave,Somerville,VIC,3912
Campbell Street,Derrinallum,VIC,3325
10 Hood Avenue,Mortlake,VIC,3272
103-113 Monroe Street,Branxholme,VIC,3302
90-100 Williams Road,Mount Duneed,VIC,3217
16 Ibbs Lane,Grasmere,VIC,3281
Princes Highway,Narrawong,VIC,3285
301 Otway Street South,Ballarat East,VIC,3350
Thompson Street,Brown Hill,VIC,3350
25 Ferdinand Drive,Clyde North,VIC,3978
13 Harrison Street,Tempy,VIC,3489
Knotts Siding Road,Rawson,VIC,3825
627 Maffra-Sale Road,Bundalaguah,VIC,3851
270 Burnt Store Road,Lardner,VIC,3821
947 Sale-Cowwarr Road,Nambrok,VIC,3847
5960 South Gippsland Highway,Welshpool,VIC,3966
6182 Mansfield Road,Whitfield,VIC,3733
2376 Wangaratta Kilfeera Road,Greta South,VIC,3675
2157 Great Alpine Road,Everton,VIC,3678
1 Cowan Street,Waaia,VIC,3637
2612 Kulkyne Way,Nangiloc,VIC,3494
10 Sutcliff Street,Sea Lake,VIC,3533
3 Wilkinson Street,Harcourt,VIC,3453
20 School Road,Beverford,VIC,3590
25 Watt Street,Niddrie,VIC,3042
1 Blossom Drive,Greenvale,VIC,3059
46 OShannassy Parade,Lucas,VIC,3350
361 Creamery Road,Toolern Vale,VIC,3337
4a Parkhill Drive,Ashwood,VIC,3147
22 Wells Road,Seaford,VIC,3198
57 Birdwood Street,Box Hill South,VIC,3128
6 Geale Street,Meeniyan,VIC,3956
3730 Ballarto Road,Bayles,VIC,3981
77 Argus Street,Cheltenham,VIC,3192
9 - 21 Bent Street,Dalyston,VIC,3992
774 High Street Road,Glen Waverley,VIC,3150
Laura Road,Knoxfield,VIC,3180
74-82 Albany Drive,Mulgrave,VIC,3170
17 State Street,Oakleigh East,VIC,3166
39 Darwin Road,Boronia,VIC,3155
Marcus Avenue,Mount Waverley,VIC,3149
27 Churinga Avenue,Mitcham,VIC,3132
40-48 Lake Street,Edenhope,VIC,3318
20 Francis Street,Murrayville,VIC,3512
65 Mitchell Street,Hawkesdale,VIC,3287
43-81 Browns Road,Noble Park,VIC,3174
Whites Lane,Glen Waverley,VIC,3150
209 Yallambie Road,Yallambie,VIC,3085
49 Palmer Street,Woorinen South,VIC,3588
50 Becker Street,Smythesdale,VIC,3351
Cavanagh Road,Millgrove,VIC,3799
38 Main Street,Gormandale,VIC,3873
21-33 Mcpherson Boulevard,Roxburgh Park,VIC,3064
7 - 25 Richard Street,Newcomb,VIC,3219
44 South Road,Braybrook,VIC,3019
Morell Street,Glenroy,VIC,3046
Sandhurst Avenue,Doncaster East,VIC,3109
53-59 Monash Avenue,Nyah West,VIC,3595
20 Sherwood Road,Narre Warren South,VIC,3805
9 New Holland Drive,Cranbourne East,VIC,3977
51A Great Ryrie Street,Heathmont,VIC,3135
159-197 Parkhill Drive,Berwick,VIC,3806
178 Community Hub,Hillside,VIC,3037
82S The Promenade,Narre Warren South,VIC,3805
7-21 Almands Avenue,Roxburgh Park,VIC,3064
Cnr Foxwood Dve & Dunnings Rd,Point Cook,VIC,3030
261 Racecourse Road,Mornington,VIC,3931
724 Glen Huntly Road,Caulfield South,VIC,3162
31 Calvert Street,Bairnsdale,VIC,3875
35 - 59 Lockwood Drive,Roxburgh Park,VIC,3064
Paterson Drive,Lynbrook,VIC,3975
13 Horn Street,Leongatha,VIC,3953
Armidale Road,Doreen,VIC,3754
3-19 Parkvista Drive,Truganina,VIC,3029
130 Tenterfield Drive,Burnside Heights,VIC,3023
365 Harvest Home Road,Epping,VIC,3076
55 Clearwood Drive,Truganina,VIC,3029
35 Lexington Drive,Burnside,VIC,3023
72 Viewgrand Drive,Berwick,VIC,3806
23 Shearwater Drive,Pakenham,VIC,3810
65 Wootten Road,Tarneit,VIC,3029
5 Livingstone Boulevard,Pakenham,VIC,3810
40-50 Loddon Drive,Taylors Hill,VIC,3037
15 Silky Oak Drive,Cranbourne,VIC,3977
96 Holland Road,Blackburn South,VIC,3130
40 Lennon Parkway,Derrimut,VIC,3026
20 Mansfield Street,Epping,VIC,3076
66 Wilkinson Drive,Echuca,VIC,3564
2 Bowyer Avenue,Cranbourne East,VIC,3977
39 Violet Grove,Wendouree,VIC,3355
70 Brookwater Parade,Lyndhurst,VIC,3975
51-81 Grevillea Street,Craigieburn,VIC,3064
73-91 Hickford Street,Reservoir,VIC,3073
41 Gerbert Street,Broadmeadows,VIC,3047
40 Riverdale Boulevard,Mernda,VIC,3754
132 Hertford Road,Sunshine,VIC,3020
50 Atlantic Drive,Pakenham,VIC,3810
86-100 Alamanda Boulevard,Point Cook,VIC,3030
70-86 Junction Road,Blackburn North,VIC,3130
19 - 31  Maple Street,Golden Square,VIC,3555
134 Kingsway Drive,Lalor,VIC,3075
Cochrane Avenue,Keysborough,VIC,3173
33 Coomoora Road,Springvale South,VIC,3172
1 - 19 Oakwood Avenue,Dandenong North,VIC,3175
159-167 Athol Road,Springvale South,VIC,3172
32-52 Wareham Street,Springvale,VIC,3171
24 Erica Street,Springvale,VIC,3171
18 Swindon Crescent,Keilor Downs,VIC,3038
59-77 Kookaburra Avenue,Werribee,VIC,3030
74 Holmes Road,Bendigo,VIC,3550
10 Logan Street,Glenroy,VIC,3046
60 Merrilands Road,Reservoir,VIC,3073
202-226 Newbury Boulevard,Craigieburn,VIC,3064
26-36 King Street,Dallas,VIC,3047
38 Baillie Street,Horsham,VIC,3400
85 Ribblesdale Ave,Wyndham Vale,VIC,3024
3 Parker Street,Officer,VIC,3809
805 High Street,Epping,VIC,3076
115 Eminence Blvd,Doreen,VIC,3754
89 Wheelers Park Drive,Cranbourne North,VIC,3977
52-72 Bushfield Crescent,Coolaroo,VIC,3048
19-39 Landy Road,Jacana,VIC,3047
25 Stretton Drive,Torquay,VIC,3228
59 Claret Ash Boulevard,Harkness,VIC,3337
25 Aayana Street,Clyde North,VIC,3978
129-161 Ferrars Street,Southbank,VIC,3006
90 Everlasting Boulevard,Cranbourne West,VIC,3977
141 Henry Road,Pakenham,VIC,3810
29 Albert Park Drive South,Albert Park,VIC,3206
115 Bridge Road,Officer,VIC,3809
100 Central Boulevard,Armstrong Creek,VIC,3217
45 Calvert St,Hamlyn Heights,VIC,3215
Anderson Street,Aireys Inlet,VIC,3231
2 Rhyolite Drive,Craigieburn,VIC,3064
47 - 87 McDonald Street,Morwell,VIC,3840
105 Orchard Road,Doreen,VIC,3754
Chapelton Road,Cranbourne East,VIC,3977
80 Unity Drive,Mount Duneed,VIC,3217
10 Homeleigh Road,Keysborough,VIC,3173
17 Little Docklands Drive,Docklands,VIC,3008
2 Canvas Street,Truganina,VIC,3029
11 Timbertop Parade,Aintree,VIC,3336
38 Conservatory Drive,Deanside,VIC,3336
115 Blackmore Road,Mickleham,VIC,3064
1 Communal Road,Wyndham Vale,VIC,3024
34S Thoroughbred Drive,Clyde North,VIC,3978
2 Wembley Avenue,Strathtulloh,VIC,3338
10 Sequoia Drive,Kalkallo,VIC,3064
385 McGeorge Road,Gisborne,VIC,3437
40 Eliston Avenue,Clyde,VIC,3978
131 De Rossi Boulevard,Wollert,VIC,3750
12-38 Amalfi Drive,Endeavour Hills,VIC,3802
40 Wool Wool Rd,Alvie,VIC,3249
20 Pengilley Avenue,Apollo Bay,VIC,3233
69 Newry Road,Boisdale,VIC,3860
90-100 WILLIAM STREET,Cobram,VIC,3644
Mead St,Cohuna,VIC,3568
Cnr Cromwell St/McCutcheon Way,Collingwood,VIC,3066
93 Victoria Valley Road,Dunkeld,VIC,3294
793 Dingee Road,Dingee,VIC,3571
75 Pioneer Street,Foster,VIC,3960
55 Natimuk-Frances Road,Goroke,VIC,3412
51 Kentbruck Road,Heywood,VIC,3304
81 Kiewa East Road,Tangambalanga,VIC,3691
Great Ocean Road,Lavers Hill,VIC,3238
20 Burns Street,Lockington,VIC,3563
4105 Mallee Highway,Manangatang,VIC,3546
45 Strong Street,Terang,VIC,3264
49 Paschendale Road,Merino,VIC,3310
45 Heily Street,Rushworth,VIC,3612
Carwarp Street,Macleod,VIC,3085
2 Rundell Way,Pakenham,VIC,3810
5 Gardner Lane,Poowong,VIC,3988
Albert Street,Port Fairy,VIC,3284
341 Arthurs Seat Road,Red Hill,VIC,3937
311 Mt Dandenong Tourist Road,Sassafras,VIC,3787
28 Miller Street,Tongala,VIC,3621
5 McDonald Street,Werrimull,VIC,3496
1 Wilson Street,Camperdown,VIC,3260
Bailey Street,Timboon,VIC,3268
315 Clarendon Street,Thornbury,VIC,3071
15-29 Hospital Street,Wedderburn,VIC,3518
315 Clarendon Street,Thornbury,VIC,3071
Level 2 999 Nepean Highway,Moorabbin,VIC,3189
246 Clayton Road,Clayton,VIC,3168
43 Robinsons Road,Frankston South,VIC,3199
Dunloe Avenue,Mont Albert North,VIC,3129
2 Steen Avenue,Wollert,VIC,3750
199 Elevation Boulevard,Craigieburn,VIC,3064
21 Fernlea Homestead Road,Clyde,VIC,3978
Mckenzie Street,Cobden,VIC,3266
950 South Gippsland Highway,Cranbourne,VIC,3977
39 Smith Street,Daylesford,VIC,3460
110 Harrisons Road,Dromana,VIC,3936
19 Wingarra Drive,Grovedale,VIC,3216
975 - 1011  Karadoc Ave,Irymple,VIC,3498
57 - 75 Olympic Parade,Kangaroo Flat,VIC,3555
35 Duncan Road,Lalor,VIC,3075
17-19 Nelson Road,Lilydale,VIC,3140
Wilson Road,Melton South,VIC,3338
261-289 Deakin Avenue,Mildura,VIC,3500
Vivien St,Bentleigh East,VIC,3165
59 Olympic Avenue,Mount Clear,VIC,3353
33 Sapphire Street,Niddrie,VIC,3042
62 Murray Road,Preston,VIC,3072
505 Burwood Road,Hawthorn,VIC,3122
57 Miles Street,Southbank,VIC,3006
Caramut Road,Warrnambool,VIC,3280
101 Shaws Road,Werribee,VIC,3030
383 Napier Street,Bendigo,VIC,3550
55 Laurel Street,Whittlesea,VIC,3757
Downey Street,Alexandra,VIC,3714
26 Burgess Street,Hawthorn East,VIC,3123
Sturt Street West,Ballarat,VIC,3350
Buchanan Avenue,Balwyn North,VIC,3104
14 Orchard Road,Bayswater,VIC,3153
1/37 Park Road,Beaufort,VIC,3373
117 - 136 Reserve Road,Beaumaris,VIC,3193
85 Balaclava Road,Beechworth,VIC,3747
Rotherham Street,Belmont,VIC,3216
40 Gaol Road,Bendigo,VIC,3550
Manuka Road,Berwick,VIC,3806
60 Springfield Road,Blackburn,VIC,3130
1 Black Possum Road,Bogong,VIC,3699
1180 Whitehorse Road,Box Hill,VIC,3128
352 Ballarat Road,Braybrook,VIC,3019
65-71 Watsons Road,Glen Waverley,VIC,3150
120 Marriage Road,Brighton East,VIC,3187
2-12 Pinniger Street,Broadford,VIC,3658
59-99 Cooper Street,Essendon,VIC,3040
Prospect Hill Road,Canterbury,VIC,3126
16 Mangarra Road,Canterbury,VIC,3126
27 Mt Gambier Road,Casterton,VIC,3311
73-75 Bernard Street,Cheltenham,VIC,3192
25-47 Warkil Street,Cobram,VIC,3644
6415 Murray Valley Highway,Cohuna,VIC,3568
Stawell Street,Cranbourne,VIC,3977
80 Strathlea Drive,Cranbourne West,VIC,3977
61-77 Croydon Road,Croydon,VIC,3136
167-175 Mt Alexander Road,Flemington,VIC,3031
66 Ellerman Street,Dimboola,VIC,3414
20 George Street,Doncaster East,VIC,3109
2-16 Camp Street,Donald,VIC,3480
123 Church Road,Doncaster,VIC,3108
South Road,Drouin,VIC,3818
1-3 Reserve Street,Eaglehawk,VIC,3556
30-60 Withers Way,Eltham,VIC,3095
101 Glenhuntly Road,Elwood,VIC,3184
Mcdonalds Road,Epping,VIC,3076
26 Campbell St,Euroa,VIC,3666
330 Scoresby Road,Knoxfield,VIC,3180
Ellis Street,Bendigo,VIC,3550
477 Graham Street,Port Melbourne,VIC,3207
1 Kinnear Street,Footscray,VIC,3011
2-10 Pioneer Street,Foster,VIC,3960
97 Foot Street,Frankston,VIC,3199
385 Ryrie Street,East Geelong,VIC,3219
86-132 Separation Street,North Geelong,VIC,3215
95 Melton Road,Gisborne,VIC,3437
14 - 36 Taylor Drive,Gladstone Park,VIC,3043
53 Balmoral Avenue,Bundoora,VIC,3083
31-71 Hawdon Street,Shepparton,VIC,3630
215 High Street,Hastings,VIC,3915
10 Camerons Road,Healesville,VIC,3777
Gorrie Street,Heywood,VIC,3304
Capital Avenue,Glen Waverley,VIC,3150
Murray St,Kerang,VIC,3579
405 Racecourse Rd,Kensington,VIC,3031
1393 Burke Road,Kew East,VIC,3102
615 Elgar Road,Mont Albert North,VIC,3129
Rossiter Road,Koo Wee Rup,VIC,3981
125 Jumbunna Road,Korumburra,VIC,3950
57 Fischer Street,Kyabram,VIC,3620
1-9 Epping Street,Kyneton,VIC,3444
118 David Street,Lalor,VIC,3075
114 Childs Road,Epping,VIC,3076
25 Melba Avenue,Lilydale,VIC,3140
15 Grove Road,Lorne,VIC,3232
14 Halton Road,Dandenong North,VIC,3175
7 Gleadell Street,Richmond,VIC,3121
Bill Cane Court,Maffra,VIC,3860
15 View Street,Mansfield,VIC,3722
Gordon Strret,Maribyrnong,VIC,3032
2 Little Ryrie Street,Geelong,VIC,3220
Forrest Hill,South Yarra,VIC,3141
Coburns Road,Melton,VIC,3337
Cnr Balcombe & Charman Rds,Mentone,VIC,3194
307-339 Deakin Avenue,Mildura,VIC,3500
Castle Street,Mirboo North,VIC,3871
146-148 David Hill Road,Monbulk,VIC,3793
Para Road,Montmorency,VIC,3094
186 Manchester Road,Mooroolbark,VIC,3138
1 Station Street,Mordialloc,VIC,3195
Tailrace Road,Mount Beauty,VIC,3699
204 Canadian Bay Road,Mount Eliza,VIC,3930
9 Lechte Road,Mount Waverley,VIC,3149
291a Mckinnon Road,Mckinnon,VIC,3204
350-370 Kings Way,Melbourne,VIC,3004
41 Chapel Street,Nathalia,VIC,3638
20 Neerim East Road,Neerim South,VIC,3831
81 - 85 Bellarine Highway,Newcomb,VIC,3219
St Georges Road,Northcote,VIC,3070
9 Byron Street,Ringwood,VIC,3134
104 Tocumwal Road,Numurkah,VIC,3636
163 Batten Road,Armstrong Creek,VIC,3217
20 Arnold Street,Orbost,VIC,3888
1-35 Fuller Street,Ouyen,VIC,3490
1020 Princes Highway,Pakenham,VIC,3810
133 Henry Road,Pakenham,VIC,3810
Warren Road,Mordialloc,VIC,3195
Lake Avenue,Pascoe Vale,VIC,3044
138 High Street,Windsor,VIC,3181
2-16 Cooma Street,Preston,VIC,3072
47 Arnold Street,Princes Hill,VIC,3054
9 Coaching Parade,Point Cook,VIC,3030
Peninsula Drive,Drysdale,VIC,3222
17 Albert Street,Rainbow,VIC,3424
55 Fitzroy Avenue,Red Cliffs,VIC,3496
Bedford Road,Ringwood,VIC,3134
4 Griffiths Street,Richmond,VIC,3121
88 George Street,Robinvale,VIC,3549
26 Edward Street,Rochester,VIC,3561
245 Eastbourne Road,Rosebud,VIC,3939
264 Rubicon Road,Thornton,VIC,3712
40 Sheridans Bridge Road,Rutherglen,VIC,3685
15 Kirra Place,Point Cook,VIC,3030
Cavell Street,Scoresby,VIC,3179
289 Main Road East,St Albans,VIC,3021
Smith Street,St Arnaud,VIC,3478
319 Balaclava Road,Caulfield North,VIC,3161
400 Pascoe Vale Road,Strathmore,VIC,3041
30 Racecourse Road,Sunbury,VIC,3429
350 Sydney Road,Brunswick,VIC,3056
145 Towong Street,Tallangatta,VIC,3700
80-96 Main Street,Thomastown,VIC,3074
70-80 School Road,Trafalgar,VIC,3824
60 Elmhurst Road,Truganina,VIC,3029
77 Story Street,Parkville,VIC,3052
60-70 Donald Cameron Drive,Roxburgh Park,VIC,3064
81-89 Little Yarra Road,Yarra Junction,VIC,3797
1451 Burwood Highway,Upwey,VIC,3158
27 - 63 Morack Road,Vermont,VIC,3133
68 Bemersyde Drive,Berwick,VIC,3806
263 McCormicks Road,Carrum Downs,VIC,3201
17-49 Edwards Street,Wangaratta,VIC,3677
2 Glencairn Drive,Greenvale,VIC,3059
90 Harold Street,Wantirna,VIC,3152
1 Tregear Street,Warracknabeal,VIC,3393
241-247 Heidelberg-Warrandyte Rd,Warrandyte,VIC,3113
91 Police Road,Mulgrave,VIC,3170
45 Duncans Road,Werribee,VIC,3030
90 Mckean Street,Bairnsdale,VIC,3875
88-128 Rosebank Avenue,Clayton South,VIC,3169
2-28 Raphael Drive,Wheelers Hill,VIC,3150
76 Pasco Street,Williamstown,VIC,3016
80 Brockley Street,Wodonga,VIC,3690
86 James Street,Yarram,VIC,3971
1 Fussell Street,Ballarat East,VIC,3350
67 Racecourse Rd,Yea,VIC,3717
76 Booran Road,Caulfield East,VIC,3145
102 Hothlyn Drive,Craigieburn,VIC,3064
425 Belgrave-gembrook Rd,Emerald,VIC,3782
855 Plenty Road,Reservoir,VIC,3073
58 - 96 Fordholm Road,Hampton Park,VIC,3976
2 Fraser Street,Hoppers Crossing,VIC,3029
100-110 Odessa Avenue,Keilor Downs,VIC,3038
Bridle Road,Morwell,VIC,3840
10 Kurunjang Drive,Kurunjang,VIC,3337
1-11 North Street,Lakes Entrance,VIC,3909
80 Warrandyte Road,Langwarrin,VIC,3910
148-174 Mitchells Lane,Sunbury,VIC,3429
178-180 Mahoneys Road,Burwood East,VIC,3151
78 - 98 Eel Race Road,Seaford,VIC,3198
Wallowa Road,Eltham North,VIC,3095
79-97 Patrick Street,Stawell,VIC,3380
17 Paratea Drive,Rowville,VIC,3178
2 McKenzie Street,Wonthaggi,VIC,3995
11 Holloway Road,Sandringham,VIC,3191
24-30 Falconer Street,Fitzroy North,VIC,3068
50 Vannam Drive,Ashwood,VIC,3147
456 Springfield Road,Mitcham,VIC,3132
115 Nerrena Road,Leongatha,VIC,3953
165-179 Main Hurstbridge Road,Diamond Creek,VIC,3089
120 Eley Road,Burwood East,VIC,3151
19 Cambridge Street,Collingwood,VIC,3066
21-35 Thomas Street,Noble Park,VIC,3174
Nell  Street,Greensborough,VIC,3088
4-30 Barkly Street,Ararat,VIC,3377
9 - 25 Moorhead Drive,Mill Park,VIC,3082
73 Grant Street,Bacchus Marsh,VIC,3340
30 Deloraine Drive,Hoppers Crossing,VIC,3029
70 City Vista Court,Fraser Rise,VIC,3336
1-39 Parmelia Drive,Taylors Lakes,VIC,3038
25A Lachlan Road,Sunshine West,VIC,3020
100 Duke Street,Wallan,VIC,3756
238 Collins Street,Thornbury,VIC,3071
170 Must Street,Portland,VIC,3305
Goldsmith Avenue,Delahey,VIC,3037
29-69 Kororoit Creek Road,Williamstown,VIC,3016
Bakers Road,Oakleigh South,VIC,3167
10 - 32 Pye Street,Swan Hill,VIC,3585
154-184 Grey Street,Traralgon,VIC,3844
1051 Nepean Highway,Mornington,VIC,3931
Quinn Grove,Keilor East,VIC,3033
47 Dawson Street,Brunswick,VIC,3056
13-21 O'Sullivan Road,Glen Waverley,VIC,3150
Silvertop Street,Frankston North,VIC,3200
Grafton Road,Warrnambool,VIC,3280
1 Warren Road,Viewbank,VIC,3084
3 Callaghan Street,Noble Park,VIC,3174
59 Mt Baimbridge Rd,Hamilton,VIC,3300
16 Reay Road,Mooroolbark,VIC,3138
Waters Grove,Heathmont,VIC,3135
310 Baillie Street,Horsham,VIC,3402
Yarra Boulevard,Richmond,VIC,3121
37-61 Vines Road,Hamlyn Heights,VIC,3215
72-96 Newark Avenue,Newborough,VIC,3825
7 Cypress Avenue,Templestowe Lower,VIC,3107
Blakeley Rd,Castlemaine,VIC,3450
55 Burke Street,Warragul,VIC,3820
453-457 Forest Street,Wendouree,VIC,3355
33 - 49 Davies Street,Charlton,VIC,3525
7-21 McKenzie Crescent,Wycheproof,VIC,3527
43-47 Campbell Street,Birchip,VIC,3483
Whitehead Avenue,Nhill,VIC,3418
73-81 Macalister Street,Sale,VIC,3850
31 Belar Avenue,Frankston,VIC,3199
Great Alpine Road,Dinner Plain,VIC,3898
46 South Road,Braybrook,VIC,3019
Amberly Park Drive,Narre Warren South,VIC,3805
34 Alkara Avenue,Lara,VIC,3212
2 Farmers Street,Kaniva,VIC,3419
27-45 Towong Road,Corryong,VIC,3707
102 - 192 Balaclava Road,Maryborough,VIC,3465
80 Jardier Terrace,South Morang,VIC,3752
Cnr Boardwalk Blvd & Bergamot,Point Cook,VIC,3030
2-50 Minindee Road,Wyndham Vale,VIC,3024
101 Urquhart Street,Coburg,VIC,3058
22-24 Mitchell Street,Wodonga,VIC,3690
2-30 Hampton Street,Craigieburn,VIC,3064
861 Leakes Road,Tarneit,VIC,3029
20 - 50 Butcher Street,Echuca,VIC,3564
39 Innovation Walk,Clayton,VIC,3800
103 A Grieve Parade,Altona,VIC,3018
92-106 Princes Highway,Dandenong,VIC,3175
6 Mckenzie Street,Wonthaggi,VIC,3995
91 Bladin Street,Laverton,VIC,3028
60-78 Tanderrum Way,Broadmeadows,VIC,3047
173 Queen Street,Colac,VIC,3250
Sir Gustav Nossal Boulevard,Berwick,VIC,3806
225 Hoppers Lane,Werribee,VIC,3030
8-20 Janine Road,Springvale South,VIC,3172
74-84 Frawley Road,Hallam,VIC,3803
58 Reema Boulevard,Endeavour Hills,VIC,3802
45 Josephine Avenue,Narre Warren,VIC,3805
1831 Harrow Balmoral Road,Balmoral,VIC,3407
Prince Street,Myrtleford,VIC,3737
15 Nurture Avenue,Cranbourne North,VIC,3977
37 Graf Road,Somerville,VIC,3912
51-71 Hummingbird Boulevard,Tarneit,VIC,3029
9 - 27 Malone Street,Boort,VIC,3537
2-24 Pinniger Street,Yarrawonga,VIC,3730
29-47 Stewart Street,Seymour,VIC,3660
188-206 Commercial Street,Merbein,VIC,3505
83 Danks Street,Albert Park,VIC,3206
235 Kingsbury Drive,Macleod West,VIC,3085
43 Ken Jordan Road,Cairnlea,VIC,3023
6840 Great Alpine Road,Swifts Creek,VIC,3896
120 Glenroy Road,Glenroy,VIC,3046
51 Jukes Road,Fawkner,VIC,3060
60 Merrilands Road,Reservoir,VIC,3073
70 Breadalbane Avenue,Mernda,VIC,3754
50 Stately Drive,Cranbourne East,VIC,3977
281 Boardwalk Boulevard,Point Cook,VIC,3030
53 - 71 Hertford Street,Sebastopol,VIC,3356
3-25 Goldsworthy Road,Corio,VIC,3214
75 White Street,Torquay,VIC,3228
1 Dodgshun Street,Hopetoun,VIC,3396
62 Tristania Street,Doveton,VIC,3177
1 Parker Street,Officer,VIC,3809
13 -16 Federation Way,Caroline Springs,VIC,3023
9 The Crossing,Caroline Springs,VIC,3023
College Street,Caroline Springs,VIC,3023
22-50 Becca Way,Caroline Springs,VIC,3023
20 Brentnall Road,Croydon,VIC,3136
35-37 Albert Avenue,Boronia,VIC,3155
21-23 Brinbrook Street,Tarneit,VIC,3029
20 Faithfull Street,Benalla,VIC,3672
900-930 Park Street,Parkville,VIC,3052
669 Chapel Street,South Yarra,VIC,3141
577 St Kilda Road,MELBOURNE,VIC,3004
10 - 16 Ranfurlie Crescent,GLEN IRIS,VIC,3146
1436 Plenty Road,BUNDOORA,VIC,3083
273 Victoria Street,WEST MELBOURNE,VIC,3003
11 Westbury Street,ST KILDA EAST,VIC,3183
1431 Sturt Street,BALLARAT,VIC,3350
119 Drummond Street South,BALLARAT,VIC,3350
106-108 Victoria Street,BALLARAT EAST,VIC,3350
140 Botanic Road,WARRNAMBOOL,VIC,3280
1600 Sturt Street,BALLARAT,VIC,3350
39 Malcolm Street,MANSFIELD,VIC,3722
20 Newcastle St,NEWPORT,VIC,3015
118 Cecil Street,WILLIAMSTOWN,VIC,3016
12 Selbourne Road,KEW,VIC,3101
217 Glen Eira Road,ST KILDA EAST,VIC,3183
8-14 Brougham Street,NORTH MELBOURNE,VIC,3051
Ovens Street,WANGARATTA,VIC,3677
214 Dandenong Road,ST KILDA EAST,VIC,3183
Sutherland Street,KILMORE,VIC,3764
103 Wellington Street,FLEMINGTON,VIC,3031
164 Barkly Street,BENDIGO,VIC,3550
21 Kars Street,MARYBOROUGH,VIC,3465
58 Burke Street,MARYBOROUGH,VIC,3465
5 Hope Avenue,BAIRNSDALE,VIC,3875
800 Ripon Street South,REDAN,VIC,3350
571 Glenferrie Road,HAWTHORN,VIC,3122
172 Burke Road,GLEN IRIS,VIC,3146
39 James Street,NORTHCOTE,VIC,3070
1 Clifton Grove,PRESTON,VIC,3072
4 Wilson Street,MORWELL,VIC,3840
Church Street,TRARALGON,VIC,3844
143 - 149 Knight Street,SHEPPARTON,VIC,3630
90 High Street,SEYMOUR,VIC,3660
134 Woods Street,DONALD,VIC,3480
11 Pearson Street,SALE,VIC,3850
1 Conway Street,KILMORE,VIC,3764
96 Inglis Street,BALLAN,VIC,3342
1564 Old Melbourne Road,GORDON,VIC,3345
2 Raglan Street,LANCEFIELD,VIC,3435
119 Napier Street,CRESWICK,VIC,3363
7901 Hamilton Highway,TARRINGTON,VIC,3301
91 High Street,KANGAROO FLAT,VIC,3555
17 Wedge Street,BENALLA,VIC,3672
1 Ti Tree Road,DUNNSTOWN,VIC,3352
Retreat Road,NEWTOWN,VIC,3220
Wattle Street,ST ARNAUD,VIC,3478
154 Twelfth Street,MILDURA,VIC,3500
80 Martin Street,BRIGHTON,VIC,3186
6 St James Close,BRIGHTON,VIC,3186
842 Centre Road,BENTLEIGH EAST,VIC,3165
207 Barkers Road,KEW,VIC,3101
379 Eaglehawk Road,EAGLEHAWK,VIC,3556
1412 Geelong Road,MOUNT CLEAR,VIC,3350
1425 Sturt Street,BALLARAT,VIC,3350
84 Templeton Street,CASTLEMAINE,VIC,3450
94 High Street,KYNETON,VIC,3444
14-18 Templeton Street,WOODEND,VIC,3442
Watson Street,CHARLTON,VIC,3525
69-75 Hogan Street,TATURA,VIC,3616
677 Punt Road,SOUTH YARRA,VIC,3141
562 Sydney Road,COBURG,VIC,3058
110 Greaves Street North,WERRIBEE,VIC,3030
68 Aitken Street,GISBORNE,VIC,3437
53 Macedon Street,SUNBURY,VIC,3429
142 North Road,CHILTERN,VIC,3683
High Street,RUTHERGLEN,VIC,3685
87 Southey Street,INGLEWOOD,VIC,3517
36 Arundel Street,BENALLA,VIC,3672
79 Balwyn Road,BALWYN,VIC,3103
136 Princes Highway,PAKENHAM,VIC,3810
38 Huntingtower Road,ARMADALE,VIC,3143
62 Orr Street,YARRAWONGA,VIC,3730
135 Barkers Road,KEW,VIC,3101
11 Martin Street,PENSHURST,VIC,3289
304 Barkly Street,ARARAT,VIC,3377
39 Robertson Street,CASTERTON,VIC,3311
Gisborne Road,BACCHUS MARSH,VIC,3340
20 Queen Street,KOROIT,VIC,3282
50 Biddlecombe Avenue,CORIO,VIC,3214
40 Charles Street,KEW,VIC,3101
88 Nicholson Street,FITZROY,VIC,3065
107 King William Street,FITZROY,VIC,3065
120 Anderson Street,LILYDALE,VIC,3140
2 Wingfield Street,FOOTSCRAY,VIC,3011
65 Somerville Road,YARRAVILLE,VIC,3013
7 McLachlan Street,HORSHAM,VIC,3400
119 Hart Street,COLAC,VIC,3250
Calvert Street,COLAC,VIC,3250
118 Mentone Parade,MENTONE,VIC,3194
62 Oakbank Road,MORNINGTON,VIC,3931
86 Anderson Street,SOUTH YARRA,VIC,3141
Talbot Street,NEWTOWN,VIC,3220
139 Knight Street,SHEPPARTON,VIC,3630
Piper Street,YARRAWONGA,VIC,3730
77 Queens Parade,CLIFTON HILL,VIC,3068
16 Tocumwal Road,NUMURKAH,VIC,3636
70 Botanic Road,WARRNAMBOOL,VIC,3280
119 Bentinck St,PORTLAND,VIC,3305
27 Peninsula Drive,DRYSDALE,VIC,3222
66-68 Little Myers Street,GEELONG,VIC,3220
11-21 Petrel Street,GEELONG WEST,VIC,3218
141 Burwood Highway,BURWOOD,VIC,3125
20 Robinson Street,MOONEE PONDS,VIC,3039
40 Jones Street,LILYDALE,VIC,3140
19 Diamond Street,ELTHAM,VIC,3095
46 Otter Street,COLLINGWOOD,VIC,3066
2-8 Campbell Street,WARRACKNABEAL,VIC,3393
15-33 Bridlington Ave,ECHUCA,VIC,3564
116 Cotham Road,KEW,VIC,3101
Moore Street,ARARAT,VIC,3377
21 Dickson Street,ECHUCA,VIC,3564
9-11 William Street,PORT FAIRY,VIC,3284
Campaspe Street,ROCHESTER,VIC,3561
31 Curran Street,NORTH MELBOURNE,VIC,3051
185 Must Street,PORTLAND,VIC,3305
51-53 Desailly Street,SALE,VIC,3850
Church Street,KYABRAM,VIC,3620
311 Mont Albert Road,SURREY HILLS,VIC,3127
32 Jeffrey Street,ELMORE,VIC,3558
6 Priory Lane,BEECHWORTH,VIC,3747
67 Read Street,COLERAINE,VIC,3315
Henderson Street,CAMPERDOWN,VIC,3260
Dimora Avenue,CAMPERDOWN,VIC,3260
2 Leslie Road,ESSENDON,VIC,3040
29 Smith Street,DAYLESFORD,VIC,3460
Hillier Lane,HAMILTON,VIC,3300
Havelock Street,BENDIGO,VIC,3550
301 Cotham Road,KEW,VIC,3101
Osburn Street,WODONGA,VIC,3690
55 Patrick Street,STAWELL,VIC,3380
25 - 27 Chapel Street,ST KILDA,VIC,3182
16 Childers Street,MENTONE,VIC,3194
1 Lyons Street,TERANG,VIC,3264
167 Burke Street,WARRAGUL,VIC,3820
Gladstone Street,QUARRY HILL,VIC,3550
51 Outer Crescent,BRIGHTON,VIC,3186
55 Cape Street,HEIDELBERG,VIC,3084
52 Cape Street,HEIDELBERG,VIC,3084
185 Hope Street,BRUNSWICK WEST,VIC,3055
129 Albert Street,MORDIALLOC,VIC,3195
306 Howard Street,BALLARAT NORTH,VIC,3350
201 Forest Street,WENDOUREE,VIC,3355
26 Miller Street,BRUNSWICK EAST,VIC,3057
172 Neerim Road,GLEN HUNTLY,VIC,3163
20-24 New Street,DANDENONG,VIC,3175
11 Fernhill Road Nth,SANDRINGHAM,VIC,3191
94 Korumburra Road,WONTHAGGI,VIC,3995
74 Roseberry Street,ASCOT VALE,VIC,3032
Nolan Street,KERANG,VIC,3579
1318 High Street,MALVERN,VIC,3144
47-49 Mitchell Street,BRUNSWICK NORTH,VIC,3056
1 Chaucer Street,HAMILTON,VIC,3300
Fortune Street,BALLARAT EAST,VIC,3350
33-35 Ogilvy Street,LEONGATHA,VIC,3953
1-3 Bridge Street,KORUMBURRA,VIC,3950
67 The Strand,NEWPORT,VIC,3015
The Ridgeway,IVANHOE,VIC,3079
1 High Street,HEALESVILLE,VIC,3777
60 Nar Nar Goon Road,NAR NAR GOON,VIC,3812
1 Morrison Street,HAWTHORN,VIC,3122
91 Manning Road,MALVERN EAST,VIC,3145
163 South Rd,BRIGHTON EAST,VIC,3187
37 Gower Street,KENSINGTON,VIC,3031
34 Stevens Street,QUEENSCLIFF,VIC,3225
52 Austin Street,ALPHINGTON,VIC,3078
49 Stanhope Street,MALVERN,VIC,3144
5 Buckley Street,YARRAM,VIC,3971
556 Napier Street,WHITE HILLS,VIC,3550
24 Glenhuntly Road,ELWOOD,VIC,3184
43-47 Edgecombe Street,KYNETON,VIC,3444
90 Alexandra Road,RINGWOOD EAST,VIC,3135
2 Murlong Street,SWAN HILL,VIC,3585
73 Old Mornington Road,MT ELIZA,VIC,3930
69 Marine Parade,HASTINGS,VIC,3915
727 Corangamite Lake Road,CORAGULAC,VIC,3249
32 Station Place,SUNSHINE,VIC,3020
2 Mansfield Street,THORNBURY,VIC,3071
263 Russell Street,DENNINGTON,VIC,3280
17 Heyington Place,TOORAK,VIC,3142
17 Leslie Road,ESSENDON,VIC,3040
97 Robinson Street,HORSHAM,VIC,3400
30 Dendy Street,BRIGHTON,VIC,3186
37 Anderson Street,EUROA,VIC,3666
163 Rachelle Road,KEILOR EAST,VIC,3033
34 Essex Street,FOOTSCRAY,VIC,3011
1-25 Broadway Street,COBRAM,VIC,3644
3 Hood Crescent,CAULFIELD,VIC,3161
9 Rockbeare Grove,IVANHOE,VIC,3079
367 High Street,NAGAMBIE,VIC,3608
7 Wynnstay Road,PRAHRAN EAST,VIC,3181
4-8 Raymond Street,ORBOST,VIC,3888
63 Venice Street,MENTONE,VIC,3194
123 Marshall St,IVANHOE,VIC,3079
43 O'Donnell Avenue,MYRTLEFORD,VIC,3737
349 Barkers Road,KEW,VIC,3101
2 Leila Road,ORMOND,VIC,3204
855 Springvale Rd,KEYSBOROUGH,VIC,3173
25-31 Edward Street,ESSENDON,VIC,3040
5 The Parade,YEA,VIC,3717
12 Whitehorse Rd,DEEPDENE,VIC,3103
34 Scott Street,CANTERBURY,VIC,3126
11 Mentone Parade,MENTONE,VIC,3194
362 Station Street,CHELSEA,VIC,3196
417 York Street,SALE,VIC,3850
90 Centre Road,BRIGHTON EAST,VIC,3187
10 Mandeville Crescent,TOORAK,VIC,3142
145 Highfield Road,CAMBERWELL EAST,VIC,3124
59 Holyrood Street,HAMPTON,VIC,3188
18 Pohlman Street,HEATHCOTE,VIC,3523
45-49 King Edward Street,COHUNA,VIC,3568
55 Mont Albert Road,CANTERBURY,VIC,3126
17 Martin Street,CRIB POINT,VIC,3919
90 Outer Crescent,BRIGHTON,VIC,3186
52 Saunders Street,MORELAND,VIC,3058
77 Waimarie Drive,MT WAVERLEY,VIC,3149
1087 Whitehorse Road,BOX HILL,VIC,3128
95A Railway Street,ALTONA,VIC,3018
1-13 Henry Street,ELTHAM,VIC,3095
18 Box Street,MERBEIN,VIC,3505
8 Park Street,FRANKSTON,VIC,3199
1065 Whitehorse Road,BOX HILL,VIC,3128
237 Spring Street,RESERVOIR,VIC,3073
122 Jasper Road,BENTLEIGH,VIC,3204
544 Balcombe Road,BLACK ROCK,VIC,3193
1 Macedon Street,SUNBURY,VIC,3429
2 Merrick Street,STRATFORD,VIC,3862
355 Station Street,BOX HILL,VIC,3128
58 Waterloo Road,TRAFALGAR,VIC,3824
3 Dalny Road,MURRUMBEENA,VIC,3163
Glenvale Road,GLEN IRIS,VIC,3146
27-47 Gloucester Ave,BERWICK,VIC,3806
2 Torrington Street,CANTERBURY,VIC,3126
7-19 Beresford Street,KEW EAST,VIC,3102
2 Wilana Street,RINGWOOD,VIC,3134
90 Mayona Road,MONTMORENCY,VIC,3094
Constitution Hill Road,SORRENTO,VIC,3943
4 Van Ness Avenue,GLEN IRIS,VIC,3146
28 Sandham Street,ELSTERNWICK,VIC,3185
17 Fitzroy Avenue,RED CLIFFS,VIC,3496
395 Barkers Road,KEW,VIC,3101
32 Wedge Street,EPPING,VIC,3076
50 Separation Street,NORTHCOTE,VIC,3070
2 Mora Avenue,OAKLEIGH,VIC,3166
118 Argyle Street,FAWKNER,VIC,3060
17 Forest Road,FERNTREE GULLY,VIC,3156
490 Whitehorse Road,MITCHAM,VIC,3132
121-143 McLennan Street,MOOROOPNA,VIC,3629
Cooper Street,PRESTON WEST,VIC,3072
31 Moonga Road,TOORAK,VIC,3142
Station Street,KOO WEE RUP,VIC,3981
92 - 114 Woodland Street,STRATHMORE,VIC,3041
135 Aphrasia Street,NEWTOWN,VIC,3220
33 St John's Avenue,SPRINGVALE,VIC,3171
2 Mentone Parade,MENTONE,VIC,3194
12 Robb Street,PRESTON EAST,VIC,3073
815 Riversdale Road,CAMBERWELL,VIC,3124
36 Patterson Street,COBURG EAST,VIC,3058
1-39 Landells Road,PASCOE VALE,VIC,3044
380 Geelong Road,KINGSVILLE,VIC,3012
13 Nicholas Street,NEWTOWN,VIC,3220
41 Rosehill Road,ESSENDON,VIC,3040
156 Park Road,DONVALE,VIC,3111
268 High Street,ASHBURTON,VIC,3147
131 Powells Road,CLARKES HILL,VIC,3352
111 Jasper Road,BENTLEIGH,VIC,3204
2 Marwal Avenue,BALWYN NORTH,VIC,3104
10 Bosco Street,CHADSTONE,VIC,3148
29 Leahy Street,NHILL,VIC,3418
83 St Albans Road,GEELONG EAST,VIC,3219
245 Burwood Highway,BURWOOD,VIC,3125
Lloyd Street,MOE,VIC,3825
160 Bulleen Road,BULLEEN,VIC,3105
165 Burke Street,WARRAGUL,VIC,3820
806-816 Cowra Ave,IRYMPLE,VIC,3498
16 Drummartin Street,ALBION,VIC,3020
53 Stanley Street,IVANHOE WEST,VIC,3079
46 Dunlop Street,MORTLAKE,VIC,3272
Peterson Street,HIGHETT,VIC,3190
9 Centre Dandenong Road,CHELTENHAM,VIC,3192
Laughlin Ave,NUNAWADING,VIC,3131
50 Monastery Drive,CROYDON,VIC,3136
34 Lake Street,EDENHOPE,VIC,3318
333 Centre Road,NARRE WARREN SOUTH,VIC,3805
Myrtle Street,ALEXANDRA,VIC,3714
6 Aberfeldie Street,ESSENDON,VIC,3040
10-12 King Street,ELSTERNWICK,VIC,3185
197 Clarendon Street,THORNBURY EAST,VIC,3071
2-4 Winifred Street,ST ALBANS,VIC,3021
67 Central Road,BLACKBURN,VIC,3130
5-7 Southam Street,RUSHWORTH,VIC,3612
Davis Street,HEYFIELD,VIC,3858
51 Plume Street,NORLANE,VIC,3214
431 Waterdale Road,HEIDELBERG WEST,VIC,3081
181 Hudsons Road,SPOTSWOOD,VIC,3015
133 Ballarat Road,HAMILTON,VIC,3300
15 Bambil Street,CHADSTONE,VIC,3148
90 Buckley Street,NOBLE PARK,VIC,3174
16 Mary Street,CLAYTON,VIC,3168
33 Lascelles Street,HOPETOUN,VIC,3396
88 Hotham Street,ST KILDA EAST,VIC,3183
6 Teague Street,NIDDRIE,VIC,3042
143-147 Separation Street,BELL PARK,VIC,3215
83 Minerva Road,MANIFOLD HEIGHTS,VIC,3218
210 Grimshaw Street,GREENSBOROUGH,VIC,3088
67 Blanche Street,ARDEER,VIC,3022
848 Ballarat Road,DEER PARK,VIC,3023
28 Riley Court,BRAYBROOK,VIC,3019
13-21 Widford Street,GLENROY,VIC,3046
433 Springvale Road,SPRINGVALE,VIC,3171
Links Street,SUNSHINE WEST,VIC,3020
5 Victoria Street,PYRAMID HILL,VIC,3575
225 Church Street,HERNE HILL,VIC,3218
113 Oak Street,BEAUMARIS,VIC,3193
27  Albion Street,KENNINGTON,VIC,3550
2 Willey Street,SUNSHINE NORTH,VIC,3020
260 Albert Street,SEBASTOPOL,VIC,3356
131 Power Street,HAWTHORN,VIC,3122
Olive Grove,MILDURA,VIC,3500
14-20 Balaclava Road,ST KILDA EAST,VIC,3183
67 The Esplanade,MARIBYRNONG,VIC,3032
50-54 Monash Road,NEWBOROUGH,VIC,3825
250 Stephensons Road,MOUNT WAVERLEY,VIC,3149
71 Gladstone Road,DANDENONG NORTH,VIC,3175
35 Hamilton Street,SHEPPARTON SOUTH,VIC,3630
31 Erasmus Street,SURREY HILLS,VIC,3127
14-28 Fletcher Street,MOORABBIN,VIC,3189
113 Warrigal Road,HUGHESDALE,VIC,3166
2 Rowell Street,MORWELL EAST,VIC,3840
6-26 Horsham Road,DIMBOOLA,VIC,3414
47 Hannon Street,SEA LAKE,VIC,3533
40 Milners Road,YARRA JUNCTION,VIC,3797
71 Whitelaw Street,RESERVOIR EAST,VIC,3073
Golf Links Road,LAKES ENTRANCE,VIC,3909
2-12 Silk Street,ROSANNA,VIC,3084
Queen Elizabeth Drive,TALLANGATTA,VIC,3700
43 Ferntree Gully Road,OAKLEIGH EAST,VIC,3166
29 Fawkner Street,ABERFELDIE,VIC,3040
5-11 Caroline Street,DANDENONG,VIC,3175
20 Hope Avenue,BAIRNSDALE,VIC,3875
12 Watkin Street,ROBINVALE,VIC,3549
White Street,WANGARATTA,VIC,3677
503 Springvale Road,VERMONT SOUTH,VIC,3133
408 Camp Road,BROADMEADOWS,VIC,3047
Mangan Street,TONGALA,VIC,3621
36 Sweyn Street,BALWYN NORTH,VIC,3104
349 Springvale Road,GLEN WAVERLEY,VIC,3150
4-8 Starling Street,BENNETTSWOOD,VIC,3125
2-16 Doon Avenue,GLEN WAVERLEY,VIC,3150
Brisbane Terrace,PARKDALE EAST,VIC,3195
16 Beverley Street,DONCASTER EAST,VIC,3109
Chapel Street,NATHALIA,VIC,3638
100 Power Road,DOVETON,VIC,3177
46 Great Ryrie Street,RINGWOOD,VIC,3134
2 Nagle Avenue,ELSTERNWICK,VIC,3185
20 Wooralla Drive,MT ELIZA,VIC,3930
95 William Street,FAWKNER NORTH,VIC,3060
23 Police Road,MULGRAVE,VIC,3170
1A David Street,LALOR,VIC,3075
626 Pascoe Vale Road,OAK PARK,VIC,3046
33 Aberdeen Street,GEELONG,VIC,3220
Reynold's Lane,BELGRAVE,VIC,3160
32-34 Hoddle Street,WARRNAMBOOL WEST,VIC,3280
34 Roberts Road,AIRPORT WEST,VIC,3042
125 Hart Street,ELIMINYT,VIC,3250
25 Gipson Street,DIAMOND CREEK,VIC,3089
16 Scanlan Street,BERWICK,VIC,3806
14-22 Vida Street,ABERFELDIE,VIC,3040
429 Auburn Road,HAWTHORN EAST,VIC,3122
11-13 Green Avenue,KINGSBURY,VIC,3083
46 Orchard Grove,BLACKBURN SOUTH,VIC,3130
2-14 Williams Road,WANGARATTA,VIC,3677
15 Munro Street,MURTOA,VIC,3390
Plymouth Rd,CROYDON HILLS,VIC,3136
196 Glengala Road,SUNSHINE WEST,VIC,3020
133 Maidstone Street,ALTONA,VIC,3018
480A Gillies Street,WENDOUREE,VIC,3355
9 Egan Drive,BULLEEN,VIC,3105
212 Boronia Road,BORONIA,VIC,3155
111-115 Hansen Street,CORRYONG,VIC,3707
28 Bayview Road,BELGRAVE,VIC,3160
23 Orange Grove,BAYSWATER,VIC,3153
5 Brenock Park Drive,FERNTREE GULLY,VIC,3156
3 Brenbeal Street,BALWYN,VIC,3101
4-14 Nolan Avenue,BROOKLYN,VIC,3012
37 Dolphin Street,ASPENDALE,VIC,3195
30 Angus Street,HADFIELD,VIC,3046
35 Charles Street,MOUNT WAVERLEY,VIC,3149
60 Junction Road,BLACKBURN NORTH,VIC,3130
227 Blair Street,DALLAS,VIC,3047
423 Blackshaws Road,ALTONA NORTH,VIC,3025
Reay Road,MOOROOLBARK,VIC,3138
5 Settlement Road,BUNDOORA,VIC,3083
400 Dalton Road,EPPING,VIC,3076
Kalinda Road,RINGWOOD,VIC,3134
79 Wilsons Road,NEWCOMB,VIC,3219
760 Sydney Road,COBURG,VIC,3058
21 Stevens Road,VERMONT,VIC,3133
4-12 Duke Street,MAFFRA,VIC,3860
97 Bungower Road,MORNINGTON,VIC,3931
Jayne Street,FRANKSTON EAST,VIC,3199
10A Riddell Road,WANTIRNA SOUTH,VIC,3152
165 Mc Mahons Road,FRANKSTON,VIC,3199
86-94 Austin Road,SEAFORD,VIC,3198
Kernot Ave,MULGRAVE,VIC,3170
158 Military Road,AVONDALE HEIGHTS,VIC,3034
396 Manningham Road,DONCASTER,VIC,3108
104-108 Reema Boulevard,ENDEAVOUR HILLS,VIC,3802
26-44 Herlihys Road,TEMPLESTOWE LOWER,VIC,3107
51 Centre Road,VERMONT,VIC,3133
30 Academy Avenue,WHEELERS HILL,VIC,3150
1 Russell Street,WERRIBEE,VIC,3030
Guthridge Parade,SALE,VIC,3850
389 Mason Street,ALTONA NORTH,VIC,3025
2A Parkside Avenue,KEILOR EAST,VIC,3033
28 Selby Road,WARRNAMBOOL EAST,VIC,3280
11-49 Prince Street,MYRTLEFORD,VIC,3737
13-25 Bellin Street,LAVERTON,VIC,3028
53 George Street,SCORESBY,VIC,3179
137 Brockley Street,WODONGA WEST,VIC,3690
135 York Road,MOUNT EVELYN,VIC,3796
213 Wonga Road,WARRANWOOD,VIC,3134
Fenton Street,BENDIGO NORTH,VIC,3550
4 - 6 Dimar Crt,DINGLEY,VIC,3172
90 Darling Road,MALVERN EAST,VIC,3145
161 Central Rd,NUNAWADING,VIC,3131
1660 Main Road,RESEARCH,VIC,3095
1A Oleander Drive,ST ALBANS SOUTH,VIC,3021
Fourteenth Street,MILDURA,VIC,3500
10 Laceys Road,COTTLES BRIDGE,VIC,3099
16-38 Guinane Avenue,HOPPERS CROSSING,VIC,3029
155 Tindals Road,DONVALE,VIC,3111
43 Harrison Street,BOX HILL NORTH,VIC,3129
11 Sinclair St,ELSTERNWICK,VIC,3185
Regal Avenue,THOMASTOWN EAST,VIC,3074
1499 Mt Macedon Rd,WOODEND,VIC,3442
88 South Circular Road,GLADSTONE PARK,VIC,3043
Scott Street,CRANBOURNE,VIC,3977
402 Corrigan Road,KEYSBOROUGH,VIC,3173
Church Street,MELTON,VIC,3337
143 Bacchus Marsh Road,CORIO,VIC,3214
450 Taylors Road,TAYLORS HILL,VIC,3037
583 Ferntree Gully Road,GLEN WAVERLEY,VIC,3150
College Street,WANGARATTA,VIC,3677
120 Oban Road,RINGWOOD NORTH,VIC,3134
35 Williams Avenue,CHURCHILL,VIC,3842
765 Highbury Road,VERMONT SOUTH,VIC,3133
Harbard Street,THOMASTOWN WEST,VIC,3074
2 Mackay St,NHILL,VIC,3418
16-24  Stewarts Lane,SUNBURY,VIC,3429
77 Carbine Street,DONVALE,VIC,3111
30 Warrandyte Road,LANGWARRIN,VIC,3910
230-240 Sunshine Avenue,KEALBA,VIC,3021
111 Bakers Road,DANDENONG NORTH,VIC,3175
79 Wilson Boulevard,RESERVOIR NORTH,VIC,3073
51 Gum Road,KINGS PARK,VIC,3021
10 Theodore Street,ST ALBANS,VIC,3021
4 Beaconsfield Avenue,BEACONSFIELD,VIC,3807
Trinity Drive,HORSHAM,VIC,3400
315 Aqueduct Rd,ST HELENA,VIC,3088
1248 High Street Road,WANTIRNA SOUTH,VIC,3152
517-519 Orrong Road,ARMADALE,VIC,3143
300 Sayers Rd,TRUGANINA,VIC,3029
14-16 Griffith Street,GROVEDALE,VIC,3216
Augustine's Way,KEILOR,VIC,3036
Wilson Road,MELTON SOUTH,VIC,3338
251 Diamond Creek Road,GREENSBOROUGH NORTH,VIC,3088
25 Stokes Road,WANTIRNA,VIC,3152
2A Killeen Street,SUNSHINE SOUTH WEST,VIC,3020
31 McLeans Rd,BUNDOORA,VIC,3083
1 Blanch Street,PRESTON,VIC,3072
53-57 Plymouth Rd,CROYDON HILLS,VIC,3136
15 - 49 Old Melbourne Rd,CHIRNSIDE PARK,VIC,3116
89 Main Rd,CAMPBELLS CREEK,VIC,3451
105 Creamery Road,BELL POST HILL,VIC,3215
325 Macclesfield Road,MONBULK,VIC,3793
1 Bowman Court,WODONGA,VIC,3690
204 Churchill Avenue,BRAYBROOK,VIC,3019
Cuthbert's Road,ALFREDTON,VIC,3350
58 Clegg Road,MOUNT EVELYN,VIC,3796
60 Knees Road,PARK ORCHARDS,VIC,3114
30-50 Rangeview Drive,TRARALGON WEST,VIC,3844
169-171 Craigieburn Road West,CRAIGIEBURN,VIC,3064
80 Golf Links Road,FRANKSTON SOUTH,VIC,3199
290-312 Childs Road,MILL PARK,VIC,3082
325 Grimshaw Street,WATSONIA,VIC,3087
109-141 Bulman's Road,MELTON,VIC,3337
1770 Phillip Island Road,RHYLL,VIC,3923
43-55 Trangmar Street,PORTLAND,VIC,3305
18 Burdekin Road,HIGHTON,VIC,3216
197-199 Cardigan Road,MOOROOLBARK,VIC,3138
597 Brunswick Street,FITZROY NORTH,VIC,3068
9 William Hovell Drive,ENDEAVOUR HILLS,VIC,3802
96 Bunney Road,CLAYTON SOUTH,VIC,3169
313 Canadian Bay Road,MOUNT ELIZA,VIC,3930
Chapel Street,NATHALIA,VIC,3638
91 Creek Street,BENDIGO,VIC,3550
297 Mount Napier Road,HAMILTON,VIC,3300
840 Yan Yean Road,DOREEN,VIC,3754
330 Derrimut Road,HOPPERS CROSSING NORTH,VIC,3029
2 Taylors Lane,ROWVILLE,VIC,3178
62 Everingham Road,ALTONA MEADOWS,VIC,3028
496 Princes Highway,NARRE WARREN,VIC,3805
13-29 John Dory Drive,OCEAN GROVE,VIC,3226
380 Sydenham Road,SYDENHAM,VIC,3037
Santa Monica Drive,KEILOR NORTH,VIC,3036
9-13 Holloway Road,CROYDON NORTH,VIC,3136
120-128 Robinsons Road,LANGWARRIN SOUTH,VIC,3911
84 Charles Street,KEW,VIC,3101
920 Fifteenth Street,MILDURA,VIC,3500
455 Verney Road,SHEPPARTON,VIC,3630
220 Burwood Highway,WANTIRNA SOUTH,VIC,3152
175 Derrimut Rd,WERRIBEE,VIC,3030
500 Soldiers Road,CLYDE NORTH,VIC,3978
150 Bowen Street,WARRAGUL,VIC,3820
81 - 83 Westmoreland Road,SUNSHINE NORTH,VIC,3020
33 Raymond Street,ASHWOOD,VIC,3147
30-34 Toomuc Valley Road,PAKENHAM,VIC,3810
295 Liverpool Road,KILSYTH,VIC,3137
1264 Mountain Highway,THE BASIN,VIC,3154
2 Lascelles Drive,LALOR WEST,VIC,3075
90 Kees Road,LARA,VIC,3212
2-20 Fir Street,WHITTLESEA,VIC,3757
230-234 Serpells Road,TEMPLESTOWE,VIC,3106
29 Rose Street,ECHUCA,VIC,3564
20 Wattle Valley Road,BELGRAVE HEIGHTS,VIC,3160
77  Willesden Road,OAKLEIGH,VIC,3166
60 - 80 Barak Lane,HEALESVILLE,VIC,3777
98 Wyndham Street,KERANG,VIC,3579
130 Tyner Road,WANTIRNA SOUTH,VIC,3152
76 Balfour Road,DROUIN,VIC,3818
653 Sydney Road,COBURG,VIC,3058
155 Mornington - Tyabb Road,TYABB,VIC,3913
152 Odessa Avenue,KEILOR DOWNS,VIC,3038
101 Bulman's Road,MELTON WEST,VIC,3337
59 Moores Road,MONBULK,VIC,3793
16 Hinton Street,ROSEBUD,VIC,3939
42 Whalley Drive,WHEELERS HILL,VIC,3150
20 Kinchington Road,LENEVA,VIC,3691
672 Mount Dandenong Road,KILSYTH,VIC,3137
10 Riddell Road,WANTIRNA SOUTH,VIC,3152
152-156 Brooklyn Road,MELTON SOUTH,VIC,3338
91 Highett Street,MANSFIELD,VIC,3722
76 Mossgiel Park Drive,ENDEAVOUR HILLS,VIC,3802
29  Russell Street,WERRIBEE,VIC,3030
Manning Drive,NOBLE PARK NORTH,VIC,3174
50 Grossmans Road,TORQUAY,VIC,3228
6 Ellington Street,CAULFIELD SOUTH,VIC,3162
115 Horn Street,LEONGATHA,VIC,3953
44 Balmoral Road,WARRNAMBOOL,VIC,3280
1 St Heliers Street,ABBOTSFORD,VIC,3067
201 Sayers Road,TRUGANINA,VIC,3029
2-50 Overnewton Road,KEILOR,VIC,3036
25 Broderick Road,CARRUM DOWNS,VIC,3201
94 Weidlich Road,ELTHAM NORTH,VIC,3095
5-9 Drummond Street,GREENVALE,VIC,3059
205 Little Yarra Road,YARRA JUNCTION,VIC,3797
53 McCrae Street,SWAN HILL,VIC,3585
120 Hallam Road,HAMPTON PARK,VIC,3976
34 South Maddingley Road,BACCHUS MARSH,VIC,3340
Cranbourne-Frankston Road,CLYDE NORTH,VIC,3978
927 Springvale Road,KEYSBOROUGH,VIC,3173
12 - 18 Old Heidelberg Road,ALPHINGTON,VIC,3078
131 Endeavour Drive,CRANBOURNE,VIC,3977
50 Victoria Street,DROUIN,VIC,3818
4 Birchwood Drive,MOOROOLBARK,VIC,3138
111 Whitelaw Avenue,DELACOMBE,VIC,3356
11 Rilens Rd,MUCKLEFORD,VIC,3451
40 White Street,KILMORE,VIC,3764
19-35 Thorpdale Avenue,COOLAROO,VIC,3048
81 Highett Street,MANSFIELD,VIC,3722
36-38 Lewis Street,SPRINGVALE,VIC,3171
28 Drage Road,WODONGA,VIC,3690
141a  Aerodrome Road,SWAN HILL,VIC,3585
105 MacKenzie Street,BENDIGO,VIC,3550
Blucher Street,STRATHFIELDSAYE,VIC,3551
301-319 Bank Street,SOUTH MELBOURNE,VIC,3205
3 New Holland Drive,CRANBOURNE EAST,VIC,3977
19 Austin Road,SOMERVILLE,VIC,3912
2 Ernst Wanke Road,NARRE WARREN NORTH,VIC,3804
80 Thames Boulevard,WERRIBEE NORTH,VIC,3030
6 Kairn Road,STRATHDALE,VIC,3550
30 Inverloch Crescent,BROADMEADOWS,VIC,3047
29 GIbson Street,BROADMEADOWS,VIC,3047
1-29 Southern Cross Drive,ROXBURGH PARK,VIC,3064
40 Lisson Grove,HAWTHORN,VIC,3122
29-31 Kardinia Drive,BELL POST HILL,VIC,3215
158 Hamilton Road,NEW GISBORNE,VIC,3438
73 Ridgemont Drive,BERWICK,VIC,3806
580 Tarneit Road,TARNEIT,VIC,3029
Goulburn Street,BROADMEADOWS,VIC,3047
370 Sydenham Road,SYDENHAM,VIC,3037
340 Settlement Road,SUNBURY,VIC,3429
2-6 Dundee Street,RESERVOIR,VIC,3073
35 Thomas Carr Drive,TARNEIT,VIC,3029
1-7 Peninsula Drive,DRYSDALE,VIC,3222
155 Verney Road,SHEPPARTON,VIC,3630
17 Baird Street,FAWKNER NORTH,VIC,3060
1 Tynong Road,TYNONG,VIC,3813
101 Bairnsdale/Dargo Road,BAIRNSDALE,VIC,3875
55 Tyler Street,EAST PRESTON,VIC,3072
45-75 Reynolds Road,BELMONT,VIC,3216
11c Duffys Road,EMERALD,VIC,3782
1010 Mickleham Road,GREENVALE,VIC,3059
405 Tooronga Road,HAWTHORN EAST,VIC,3123
244 Moss Avenue,MT HELEN,VIC,3350
54 Caroline Springs Boulevard,CAROLINE SPRINGS,VIC,3023
52 McIntyres Road,FRESHWATER CREEK,VIC,3216
57 Barringo Road,NEW GISBORNE,VIC,3438
185 Perry Road,KEYSBOROUGH,VIC,3173
260 - 278 Point Cook Road,POINT COOK,VIC,3030
103-129 Oak Grove Drive,NARRE WARREN SOUTH,VIC,3805
28-36 Hope Street,BUNYIP,VIC,3815
"Level 1-6, 168 Exhibition Street",MELBOURNE,VIC,3000
775 High Street,MELTON WEST,VIC,3337
52 River Street,SOUTH YARRA,VIC,3141
590 Anakie Road,LOVELY BANKS,VIC,3221
Kosciusko Street,TRARALGON,VIC,3844
1291 Karadoc Ave,IRYMPLE,VIC,3498
855 Springvale Road,KEYSBOROUGH,VIC,3173
71 Grandview Avenue,PASCOE VALE SOUTH,VIC,3044
Levels 7 & 9,MELBOURNE,VIC,3000
17 Cranbourne Road,NARRE WARREN,VIC,3805
39 Dickens Street,ELWOOD,VIC,3184
46-60 Banchory Avenue,HILLSIDE,VIC,3037
185 Spring Street,MELBOURNE,VIC,3000
629 Goulburn Valley Highway,SHEPPARTON NORTH,VIC,3631
214 Baranduda Boulevard,BARANDUDA,VIC,3691
63 - 67 High Street,WODONGA,VIC,3690
60 Williamsons Road,SOUTH MORANG,VIC,3752
54 - 70 Innisfail Drive,POINT COOK,VIC,3030
2 Portobello Road,PAKENHAM,VIC,3810
57 Davison Street,RICHMOND,VIC,3121
118 Hargreaves Street,BENDIGO,VIC,3550
42 Gilchrist Ave,BEECHWORTH,VIC,3747
389 Nepean Hwy,MT MARTHA,VIC,3934
10 College Street,CAROLINE SPRINGS,VIC,3023
Yarrowee & Vickers Streets,SEBASTOPOL,VIC,3356
96 Barkly Street,NORTH FITZROY,VIC,3068
1503 Geelong Road,MOUNT CLEAR,VIC,3350
24 Carrier Street,BENALLA,VIC,3672
Lysterfield Drive,GREENVALE LAKES,VIC,3059
100 Mount Ridley Road,MICKLEHAM,VIC,3064
1785 South Gippsland Hwy,CRANBOURNE,VIC,3977
5-15 Windrock Avenue,MT RIDLEY,VIC,3064
2 - 38 Burvilles Road,ARMSTRONG CREEK,VIC,3217
2-20 Howqua Way,MANOR LAKES,VIC,3024
90 Daylesford Trentham Road,DAYLESFORD,VIC,3461
22-48 Lancefield Drive,CAROLINE SPRINGS,VIC,3023
44 Mernda Village Drive,MERNDA,VIC,3754
45 Harvest Home Road,EPPING,VIC,3076
71 Warragul-Korumburra Road,WARRAGUL,VIC,3820
30 College Street,WANGARATTA,VIC,3676
485 Golf Links Road,LANGWARRIN SOUTH,VIC,3911
123-129 Maude,SHEPPARTON,VIC,3630
25 Bayview Road,OFFICER,VIC,3809
122 Paterson Drive,LYNBROOK,VIC,3975
93A Capesthorne Drive,DERRIMUT,VIC,3026
977-985 Burwood Highway,FERNTREE GULLY,VIC,3156
355 St Kilda Road,MELBOURNE,VIC,3004
83 Wootten Road,TARNEIT,VIC,3029
2-20 Lancefield Drive,CAROLINE SPRINGS,VIC,3023
25-33 Oxford Street,WHITTINGTON,VIC,3219
65 Riverend Road,BANGHOLME,VIC,3175
4-6 Roselea Street,CAULFIELD SOUTH,VIC,3162
45 Fairview Parade,TARNEIT,VIC,3029
385 Queensberry Street,NORTH MELBOURNE,VIC,3051
93 Daley Street,GLENROY,VIC,3046
344 Wangaratta-Whitfield Road,WANGARATTA,VIC,3676
20-26 Koala Drive,KOONWARRA,VIC,3954
442-452 North Road,ORMOND,VIC,3204
28 McKean Street,BAIRNSDALE,VIC,3875
21 Sydney Road,BENALLA,VIC,3672
47 Farmhouse Boulevard,EPPING NORTH,VIC,3076
70 Carrick Street,POINT COOK,VIC,3030
Enter via Mac Killop Way,CRANBOURNE EAST,VIC,3977
211 Main Street,LILYDALE,VIC,3140
54 - 76 Kingbird Avenue,TARNEIT,VIC,3029
130 Marquands Road,TRUGANINA SOUTH,VIC,3029
95 Majestic Drive,OFFICER,VIC,3809
80 Bassetts Road,DOREEN,VIC,3754
40-48 Campbell Road,COBRAM,VIC,3644
95 Golf Links Road,MAIDEN GULLY,VIC,3551
316-322 Kingston Road,CLARINDA,VIC,3169
Richmond Football Club,RICHMOND,VIC,3121
110 Bailey Road,MACEDON,VIC,3440
442 - 448 Springvale Road,SPRINGVALE SOUTH,VIC,3172
20-40 Rees Road,MELTON SOUTH,VIC,3338
33-61 Edinburgh Road,LILYDALE,VIC,3140
11 Malmsbury Street,KEW,VIC,3101
20 ABeckett Road,NARRE WARREN NORTH,VIC,3804
126-128 Nelson Place,WILLIAMSTOWN,VIC,3016
479 Berrys Beach Road,VENTNOR,VIC,3922
6 Henry Wilson Drive,ROSEBUD,VIC,3939
35 Sturdee Street,RESERVOIR,VIC,3073
Level 1,NORTH MELBOURNE,VIC,3051
22-26  High Street,FRANKSTON,VIC,3199
"Level 8, 601 Bourke Street",MELBOURNE,VIC,3000
"Level 2, 415 Riversdale Road",HAWTHORN EAST,VIC,3123
Eleanor Drive,LUCAS,VIC,3350
12 Chapel Street,ST KILDA,VIC,3182
1 MacKillop Street,CRAIGIEBURN WEST,VIC,3064
15 Milton Street,BANNOCKBURN,VIC,3331
30 Alcantara Boulevard,WALLAN EAST,VIC,3756
90 South Beach Road,TORQUAY NORTH,VIC,3228
6 Cowes-Rhyll Road,COWES,VIC,3922
16 Clevedon Road,BASIN,VIC,3154
72 Wendouree Drive,KIALLA,VIC,3631
145 Mitchells Lane,SUNBURY,VIC,3429
10 Baltrum Drive,WOLLERT,VIC,3750
43-45 Westall Road,CLAYTON SOUTH,VIC,3169
110 Smiths Lane,CLYDE NORTH,VIC,3978
125 Warralily Boulevard,ARMSTRONG CREEK,VIC,3217
450 Dalyston-Glen Forbes Road,RYANSTON,VIC,3992
242-280 Horseshoe Bend Road,CHARLEMONT,VIC,3217
453 Bluff Road,HAMPTON,VIC,3188
239 Station Rd,MELTON,VIC,3337
5/12 Kelso Street,COLDSTREAM,VIC,3770
50 Treeve Parkway,WERRIBEE,VIC,3030
"Level 2, 220 Albert Road",SOUTH MELBOURNE,VIC,3205
181 Mills Road,WARRAGUL,VIC,3820
92  96 Railway Crescent,DALLAS,VIC,3047
405 Barrabool Road,CERES,VIC,3221
326 Church Street,RICHMOND,VIC,3121
1-3 Killarney Drive,MELTON,VIC,3337
31 Waterway Boulevard,WEIR VIEWS,VIC,3338
20 ABeckett Road,NARRE WARREN NORTH,VIC,3804
"Unit 5, 9 Danaher Drive",SOUTH MORANG,VIC,3752
2-14 Carlingford Rd,MICKLEHAM,VIC,3064
434-442 Belgrave-Hallam Road,NARRE WARREN NORTH,VIC,3804
13-15 The Avenue,FERNTREE GULLY,VIC,3156