Address_Line_1,Address_Town,Address_State,Address_Country
21 Thomson Street,Alberton,VIC,Australia
Frank Street,Allansford,VIC,Australia
118 Barnett Street,Avoca,VIC,Australia
40 Anderson Street,Avenel,VIC,Australia
5-11 Forbes Street,Warrandyte,VIC,Australia
51 Mt Pleasant Road,Belmont,VIC,Australia
56-62 Lerderderg Street,Bacchus Marsh,VIC,Australia
401 Dana Street,Ballarat,VIC,Australia
Brockley Street,Wodonga,VIC,Australia
37 Fairholme Boulevard,Berwick,VIC,Australia
2/37 Park Road,Beaufort,VIC,Australia
231 Charman Road,Cheltenham,VIC,Australia
3 Hallowells Road,Cudgee,VIC,Australia
Elizabeth Street,Newport,VIC,Australia
8-10 Barker Street,Cavendish,VIC,Australia
53-65 Murray Street East,Colac,VIC,Australia
Cnr Mostyn & Urquhart Street,Castlemaine,VIC,Australia
127 Main Road,Campbells Creek,VIC,Australia
67 Napier Street,Creswick,VIC,Australia
4-14 Staley Street,California Gully,VIC,Australia
Caledonia Street,St Andrews,VIC,Australia
35 Hoddle Street,Warrnambool,VIC,Australia
Mcculloch Street,Dromana,VIC,Australia
2 - 12 Council Street,Doncaster,VIC,Australia
413-431 High Street,Echuca,VIC,Australia
Dalton Street,Eltham,VIC,Australia
Church St,Eaglehawk,VIC,Australia
26 Wright Street,Elphinstone,VIC,Australia
24 Harmer Road,Hallam,VIC,Australia
Cnr Mt Alexander Rd & Padman Lane,Flemington,VIC,Australia
Cnr Geelong Road & Barkly St,Footscray,VIC,Australia
41 Prince Street,Gisborne,VIC,Australia
31 Bamfield Street,Sandringham,VIC,Australia
119 School Road,Wandiligong,VIC,Australia
143 Bailey Street,Grovedale,VIC,Australia
2A Wood Street,Hawthorn,VIC,Australia
120 Cape Street,Heidelberg,VIC,Australia
42 Gray Street,Hamilton,VIC,Australia
31 Herriot Street,Heathcote,VIC,Australia
218 Roslyn Road,Highton,VIC,Australia
101 Brunel Street,Huntly,VIC,Australia
50 School Road,Bellbrae,VIC,Australia
91-101 Albert Road,Chiltern,VIC,Australia
49-79 Edgecombe Street,Kyneton,VIC,Australia
2-56 Station Street,Romsey,VIC,Australia
1717 Shelford-Bannockburn Road,Shelford,VIC,Australia
710 Calder Alternative Highway,Lockwood South,VIC,Australia
2 Leslie Street,Marong,VIC,Australia
641 Mount Macedon Road,Mount Macedon,VIC,Australia
1206 Geelong Road,Mount Clear,VIC,Australia
Unitt Street,Melton,VIC,Australia
319 George Street,Fitzroy,VIC,Australia
28 Lyons Street,Newstead,VIC,Australia
2701 Midland Highway,Newlyn,VIC,Australia
Cnr Blackburn And Highbury Rds,Burwood East,VIC,Australia
239 Station Road,New Gisborne,VIC,Australia
35 Lang Street,Beeac,VIC,Australia
38 Raleigh Street,Essendon,VIC,Australia
92 Bell Street,Coburg,VIC,Australia
87 Ritchie Street,Penshurst,VIC,Australia
13 Muddy Lane,Myrniong,VIC,Australia
25 Everton Drive,Mernda,VIC,Australia
45 Palmer Street,Portland,VIC,Australia
14-28 Barnes Street,Stawell,VIC,Australia
44 Murray Street,Rutherglen,VIC,Australia
69-77 Main Road,Riddells Creek,VIC,Australia
38 Aitchison Street,Rokewood,VIC,Australia
184 Boundary Road,Geelong East,VIC,Australia
Macalister Street,Sale,VIC,Australia
7 Montgomery Street,Skipton,VIC,Australia
601 Punt Road,South Yarra,VIC,Australia
14 Wellsford Street,Stratford,VIC,Australia
98 High Street,Taradale,VIC,Australia
91 Commercial Road,Koroit,VIC,Australia
11 Clowes Street,Tylden,VIC,Australia
10 Spring Street,Thomastown,VIC,Australia
19 Chisholm Street,Wangaratta,VIC,Australia
Elizabeth Street,Wahgunyah,VIC,Australia
146 High Street,Woodend,VIC,Australia
8 Victoria Street,Woodford,VIC,Australia
2 Deutgam Street,Werribee,VIC,Australia
3 Roberts Avenue,Castlemaine,VIC,Australia
1011 Beechworth-Wodonga Road,Wooragee,VIC,Australia
46-48 Queen Street,Wallan,VIC,Australia
12 Manifold Street,Woolsthorpe,VIC,Australia
74 High Street,Yandoit,VIC,Australia
2-14 Wesley Street,Yarram,VIC,Australia
101 Pleasant St North,Lake Wendouree,VIC,Australia
23 Station Street,Yea,VIC,Australia
80 High Street,Lancefield,VIC,Australia
86 Bennetts Lane,Coimadai,VIC,Australia
58 Beal Street,Birregurra,VIC,Australia
1714 Dandenong Road,Clayton,VIC,Australia
133 Milawa-Bobinawarrah Road,Milawa,VIC,Australia
190 Wiegards Road,Lockwood,VIC,Australia
9 Grant Street,Bealiba,VIC,Australia
324 Main Street,Bairnsdale,VIC,Australia
1 Dicker Street,Gordon,VIC,Australia
156 Main Road,Hepburn,VIC,Australia
89 Forest Road South,Lara Lake,VIC,Australia
1-23 Cricket Street,Rosedale,VIC,Australia
46 Bakers Gully Road,Bright,VIC,Australia
2 George Street,Rochester,VIC,Australia
70 - 78 Moore Street,Ararat,VIC,Australia
1 The Sideling,Jamieson,VIC,Australia
56B Hotham Street,Preston,VIC,Australia
167 Day Avenue,Omeo,VIC,Australia
165 Great Alpine Road,Harrietville,VIC,Australia
58 Barkly Street,Mordialloc,VIC,Australia
2 View Street,Healesville,VIC,Australia
90 Montgomery Street,Lake Bolac,VIC,Australia
Victoria Street,Toongabbie,VIC,Australia
2110 Sunraysia Highway,Waubra,VIC,Australia
Stephenson Street,Great Western,VIC,Australia
22-28 Church Street,Maffra,VIC,Australia
413 Quinn Road,Broken Creek,VIC,Australia
12 Vaughan Street,Lal Lal,VIC,Australia
Silvester Street,Cobden,VIC,Australia
1341 Murradoc Road,St Leonards,VIC,Australia
63 - 65 Castella Street,Lilydale,VIC,Australia
Old Violet Street,Bendigo,VIC,Australia
2 Darraweit Valley Road,Darraweit Guim,VIC,Australia
28 Adair Street,Linton,VIC,Australia
187 Swinglers Road,Invermay,VIC,Australia
27 Giltrap Road,Mitta Mitta,VIC,Australia
290 Camberwell Road,Camberwell,VIC,Australia
12-24 Bradford Avenue,Greenvale,VIC,Australia
15 Webster Street,Alexandra,VIC,Australia
97-105 Westcott Parade,Rockbank,VIC,Australia
139 Milton Street,Bannockburn,VIC,Australia
75 Doctors Gully Road,Doreen,VIC,Australia
2 Rowe Street,Talbot,VIC,Australia
35 Symonds Street,Yarra Glen,VIC,Australia
60-80 Olympic Parade,Kangaroo Flat,VIC,Australia
34-46 Riddell Street,Westmeadows,VIC,Australia
41 The Heights,Sunbury,VIC,Australia
17 Clyde Street,Diamond Creek,VIC,Australia
800 Romsey Road,Hesket,VIC,Australia
81 High Street,Axedale,VIC,Australia
4-10 Nurlendi Road,Vermont,VIC,Australia
51 Stanley Street,Tarnagulla,VIC,Australia
86B Balwyn Road,Balwyn,VIC,Australia
11 Ingrid Street,Scoresby,VIC,Australia
2  Camp Street,Carisbrook,VIC,Australia
105 Beenak Road,Wandin North,VIC,Australia
22-24 Melba Highway,Yering,VIC,Australia
76 Greenham Street,Dartmoor,VIC,Australia
1880 Mickleham Road,Mickleham,VIC,Australia
77 Sullivan Street,Inglewood,VIC,Australia
1 Hunter Street,Chewton,VIC,Australia
1 Mullalys Road,Bolinda,VIC,Australia
4721 Colac-Ballarat Road,Napoleons,VIC,Australia
Peel Street,Kew,VIC,Australia
398 Sago Hill Road,Haddon,VIC,Australia
8759 Princes Highway,Panmure,VIC,Australia
32 Kerferd Avenue,Sorrento,VIC,Australia
89a Cuthberts Road,Alfredton,VIC,Australia
34 - 44 Eldon Street,Bridgewater On Loddon,VIC,Australia
10 - 20 Hodgins Road,Hastings,VIC,Australia
39 High Street,Yackandandah,VIC,Australia
31 Goulburn Street,Nagambie,VIC,Australia
22 Temple Street,Heyfield,VIC,Australia
61 Worthing Road,Moorabbin,VIC,Australia
4 Apollo Street,Mansfield,VIC,Australia
710 Indigo Creek Road,Indigo Valley,VIC,Australia
2 Church Street,Briagolong,VIC,Australia
140 Henry Street,Lindenow,VIC,Australia
17-23 Powlett Street,Broadford,VIC,Australia
8 - 10 Impey Street,Murchison,VIC,Australia
585 Kangaroo Grd-St Andrews Rd,Panton Hill,VIC,Australia
265 Ralstons Road,Glen Park,VIC,Australia
61 Concongella School Road,CONCONGELLA,VIC,Australia
31 Great Alpine Road,Bruthen,VIC,Australia
123 Gray Street,Swan Hill,VIC,Australia
2 Martley Street,Porepunkah,VIC,Australia
1 Kensington Road,Leopold,VIC,Australia
54 High Street,Inverleigh,VIC,Australia
170 Glen Iris Road,Glen Iris,VIC,Australia
11 Trawalla Road,Trawalla,VIC,Australia
25 Peel Street,Quarry Hill,VIC,Australia
9 Warreen Street,Sebastopol,VIC,Australia
39-41 Prince St,Woodside,VIC,Australia
MacKinnon's Bridge Road,Noorat,VIC,Australia
210 Bridport Street,Albert Park,VIC,Australia
Cnr. Electra & Parker Street,Williamstown,VIC,Australia
582 Boneo Road,Boneo,VIC,Australia
20 Stevens Street,Queenscliff,VIC,Australia
42 School Road,Portland North,VIC,Australia
395 Bet Bet Creek Road,Timor,VIC,Australia
46 Laidlaw Street,Apsley,VIC,Australia
9 Uxbridge Street,Strathfieldsaye,VIC,Australia
395 Ballarto Road,Skye,VIC,Australia
5185 Northern Highway,Tooborac,VIC,Australia
35 Howitt Avenue,Eastwood,VIC,Australia
10 Clarkes Road,Upper Plenty,VIC,Australia
60 Lee Street,Carlton North,VIC,Australia
109 High Street,Maldon,VIC,Australia
1360 Healesville Road,Woori Yallock,VIC,Australia
1349 Ararat-Halls Gap Road,Moyston,VIC,Australia
202 Simpson Street,Buninyong,VIC,Australia
15 Falls Road,Marysville,VIC,Australia
Crn Kyneton/Heathcote & Parsells Rd,Langley,VIC,Australia
43-51 Rail Street,Wandong,VIC,Australia
177 Settlement Road,Cowes,VIC,Australia
131 Bullarto South Road,Bullarto,VIC,Australia
77 William Street,Lismore,VIC,Australia
126-144 Main Road,Lower Plenty,VIC,Australia
25 Inglewood Street,Golden Square,VIC,Australia
249 Princes Highway,Bolwarra,VIC,Australia
High Street,Navarre,VIC,Australia
5 Werrigar Street,Warracknabeal,VIC,Australia
2799 Wangaratta-Whitfield Road,Moyhu,VIC,Australia
10 School Road,Natte Yallock,VIC,Australia
185 Gold St,Clifton Hill,VIC,Australia
1409 Eltham-yarra Glen Road,Christmas Hills,VIC,Australia
1 Wonga Grove,Tallangatta,VIC,Australia
128 Central Kialla Road,Kialla,VIC,Australia
Wooralla Drive,Mount Eliza,VIC,Australia
22 Bergin Grove,San Remo,VIC,Australia
Hindmarsh Street,Dimboola,VIC,Australia
18 Church Street,Whorouly,VIC,Australia
1820 Mount Buller Road,Merrijig,VIC,Australia
2 Stephenson Street,Lethbridge,VIC,Australia
1050 Wangaratta-Whitfield Road,Oxley,VIC,Australia
33 Helen Street,Northcote,VIC,Australia
210 Errol Street,North Melbourne,VIC,Australia
174-182 Foster Street,Dandenong,VIC,Australia
28 Cameron Street,Malmsbury,VIC,Australia
133 Melbourne Road,Williamstown,VIC,Australia
75 - 79 Victoria Street,Kerang,VIC,Australia
535 Main Neerim Road,Drouin West,VIC,Australia
5 Wallace Street,Meredith,VIC,Australia
832 Edi-Cheshunt Road,Edi Upper,VIC,Australia
1-9 Bendigo-Pyramid Road,Eaglehawk,VIC,Australia
16-18 O'Brien Street,Mooroopna,VIC,Australia
49 Carmody Drive,Cairnlea,VIC,Australia
8-14 Duncan Street,Ballan,VIC,Australia
401 Cobden Street,Ballarat,VIC,Australia
28-40 Albert Street,Tatura,VIC,Australia
69-77 Wren Street,Toolamba,VIC,Australia
155 Harston Road,Tatura,VIC,Australia
354 Osbornes Flat Road,Osbornes Flat,VIC,Australia
Davey Street,Frankston,VIC,Australia
2B Walker Street,Donald,VIC,Australia
104 Arrowsmith Street,Beveridge,VIC,Australia
2B Brighton Road,St Kilda,VIC,Australia
1539 Scarsdale-pitfield Road,Cape Clear,VIC,Australia
16 Horners Road,Warburton,VIC,Australia
52 Main Road,Tallarook,VIC,Australia
11-17 Stanely Street,Barnawartha,VIC,Australia
Fergie Street,Fitzroy North,VIC,Australia
1-7 Waratah Street,Geelong West,VIC,Australia
240 Tyler Street,Preston,VIC,Australia
Bayview Road,Tooradin,VIC,Australia
78 - 98 Manningtree Road,Hawthorn,VIC,Australia
36 Michie Street,Elmore,VIC,Australia
Baldock Street,Dookie,VIC,Australia
59 Wilson Street,Brighton,VIC,Australia
38 Old Noradjuha Road,Natimuk,VIC,Australia
Webb Street,Murtoa,VIC,Australia
5644 Calder Highway,Big Hill,VIC,Australia
Canterbury Street,Clunes,VIC,Australia
80 Newall Street,Marnoo,VIC,Australia
17 Junction Road,Beechworth,VIC,Australia
580 Turnbull Road,Ardmona,VIC,Australia
35 Lancefield Road,Kilmore,VIC,Australia
23 Russell Street,Macarthur,VIC,Australia
Golf Links Road,Barwon Heads,VIC,Australia
25 Kennedy Street,Keilor,VIC,Australia
8 Elgin Street,Dunolly,VIC,Australia
121 Anzac Road,Springhurst,VIC,Australia
8 Bridge Street,Trentham,VIC,Australia
93 Warrenheip Road,Warrenheip,VIC,Australia
10 Carolyn Way,Maiden Gully,VIC,Australia
22 Dyer Street,Rupanyup,VIC,Australia
26 Grant Street,Goornong,VIC,Australia
20 Warrigal Road,Oakleigh,VIC,Australia
605 Barrabool Road,Ceres,VIC,Australia
Spring Road,Malvern,VIC,Australia
102-128 Vincent Street,Daylesford,VIC,Australia
835 Ardmona Road,Mooroopna,VIC,Australia
21 School Road,Swan Reach,VIC,Australia
16 School Road,Amphitheatre,VIC,Australia
30 Deans Marsh-Lorne Road,Deans Marsh,VIC,Australia
52-66 Clifton Springs Rd,Drysdale,VIC,Australia
Charlton Road,St Arnaud,VIC,Australia
132 Henry's Sawmill Road,Nullawarre,VIC,Australia
67 Smith Street,Macedon,VIC,Australia
900 Arthurs Creek Road,Arthurs Creek,VIC,Australia
Lyons St,Rye,VIC,Australia
2208 Maroondah Highway,Buxton,VIC,Australia
24 Humffray Street,Moonambel,VIC,Australia
6380 South Gippsland Highway,Longford,VIC,Australia
65-67 King Road,Harkaway,VIC,Australia
1 Civic Court,Balnarring,VIC,Australia
1005 Wangaratta-Eldorado Road,Londrigan,VIC,Australia
Clifton Street,Euroa,VIC,Australia
101 Kelly Street,Pyramid Hill,VIC,Australia
15 School Road,Shepparton East,VIC,Australia
Princes Highway,Nicholson,VIC,Australia
7370 Goulburn Valley Highway,Kialla West,VIC,Australia
Dundas Street,Miners Rest,VIC,Australia
40 Beaconsfield Parade,Glenrowan,VIC,Australia
Jamieson Street,Warrnambool,VIC,Australia
76 Main Road,Devenish,VIC,Australia
45-55 Anderson Street,Undera,VIC,Australia
4364 Kiewa Valley Highway,Dederang,VIC,Australia
149 Patons Road,Axe Creek,VIC,Australia
269 Monbulk Road,Silvan,VIC,Australia
1224 Howitt Street,Wendouree,VIC,Australia
8 Weller Road,Lancaster,VIC,Australia
18-22 Sandhurst Street,Raywood,VIC,Australia
Alamein Road,Puckapunyal,VIC,Australia
82 McKinlay Street,Landsborough,VIC,Australia
Bellfield Drive,Lysterfield,VIC,Australia
Fox Street,Winton,VIC,Australia
Judd Avenue,Merrigum,VIC,Australia
5 Beardmore Street,Bethanga,VIC,Australia
Lithgow Street,Abbotsford,VIC,Australia
157-161 Aberdeen Street,Newtown,VIC,Australia
12 Hornby Street,Windsor,VIC,Australia
15-31 A'beckett Road,Narre  Warren  North,VIC,Australia
4 Dalley Street,Buchan,VIC,Australia
2125-2135 Ballan Road,Anakie,VIC,Australia
30 Wills Cres,Moolap,VIC,Australia
10 Hyde Street,Footscray,VIC,Australia
1271 Rochford Road,Newham,VIC,Australia
48 Blossom Park Drive,Mill Park,VIC,Australia
16 Plumridge Street,White Hills,VIC,Australia
58 Church Street,Mount Egerton,VIC,Australia
153-161 Princes Way,Drouin,VIC,Australia
Brunton Street,Wunghnu,VIC,Australia
7431 Mortlake-ararat Road,Maroona,VIC,Australia
1080 Jacksons Track,Jindivick,VIC,Australia
14 Talgarno School Lane,Talgarno,VIC,Australia
348 Bungaree-wallace Road,Bungaree,VIC,Australia
21 Flinders Street,Little River,VIC,Australia
1- 11 Church Street,Cowwarr,VIC,Australia
77 Gorge Road,South Morang,VIC,Australia
50 Gaol Rd,Bendigo,VIC,Australia
10-14 Bourke Street,Pyalong,VIC,Australia
60 Main Street,Winchelsea,VIC,Australia
15 Old Sale Road,Buln Buln,VIC,Australia
401 Macarthur Street,Soldiers Hill,VIC,Australia
135 Slater Street,Elliminyt,VIC,Australia
Vale Street,Mornington,VIC,Australia
34 - 50 Andrews Street,Hamilton,VIC,Australia
527 Millers Road,Blowhard,VIC,Australia
93 Macs Street,Creswick,VIC,Australia
601 Chisholm Street,Ballarat,VIC,Australia
19 Windermere Crescent,Brighton,VIC,Australia
270 Barker Street,Castlemaine,VIC,Australia
552 Yan Yean Road,Yarrambat,VIC,Australia
14 - 24 Mc Pherson Street,Casterton,VIC,Australia
5 Bromley Street,Nathalia,VIC,Australia
313a Pakington Street,Newtown,VIC,Australia
130 Grimshaw Street,Greensborough,VIC,Australia
Main Road,Teesdale,VIC,Australia
Bakewell Street,Cranbourne,VIC,Australia
4 - 6 Currajong Avenue,Katamatite,VIC,Australia
26 School Road,Buangor,VIC,Australia
2-4 Hawken Street,Leitchville,VIC,Australia
2425-2435 Plenty Road,Whittlesea,VIC,Australia
8 Monte Street,Nerrina,VIC,Australia
49 Inkerman Street,Ballarat,VIC,Australia
44 Bowen Street,Warragul,VIC,Australia
Cr Graham&Eltham-Yarra Glen Rd,Kangaroo Ground,VIC,Australia
13 - 19 Keith Morgan Drive,Traralgon South,VIC,Australia
124 Church Street,Coleraine,VIC,Australia
1939 Murray Valley Highway,Lake Charm,VIC,Australia
2260 Westernport Road,Ripplebrook,VIC,Australia
12 Quinn Street,Numurkah,VIC,Australia
40 Albert Street,Moe,VIC,Australia
200 Yarra Street,South Geelong,VIC,Australia
2 Birch Street,Bayswater,VIC,Australia
21 Main Street,Minyip,VIC,Australia
23-31 Gladeswood Drive,Mulgrave,VIC,Australia
65 Loch Street,Yarragon,VIC,Australia
Main Road,Tyers,VIC,Australia
84 School Road,Trafalgar,VIC,Australia
20 Mcmahons Rd,Kinglake,VIC,Australia
13 Community Place,Ellinbank,VIC,Australia
890 Tambo Upper Road,Tambo Upper,VIC,Australia
7 Verbena Street,Baranduda,VIC,Australia
15 -17 Tower Street,Tungamah,VIC,Australia
1290 Nar Nar Goon - Longwarry Road,Bunyip,VIC,Australia
School Road,Gunbower,VIC,Australia
27 Spencer Street,Nar Nar Goon,VIC,Australia
5 Harriet Street,Toora,VIC,Australia
17-21 Leith Road,Montrose,VIC,Australia
9 Punt Road,Koondrook,VIC,Australia
61 Docwra Street,Magpie,VIC,Australia
Kiewa Valley Highway,Tawonga,VIC,Australia
32 School Road,Narracan,VIC,Australia
3061 Westernport Road,Drouin South,VIC,Australia
3790 Omeo Highway,Eskdale,VIC,Australia
6 Graham Street,Darnum,VIC,Australia
Cnr Derril Rd & Mornington Tyabb Rd,Moorooduc,VIC,Australia
Cnr Liverpool Road & Mountain Highway,The Basin,VIC,Australia
31 - 47 Ashley Street,Paynesville,VIC,Australia
Howard Street,Epsom,VIC,Australia
62-74 McCracken Street,Kensington,VIC,Australia
121 Church Road,Hazelwood North,VIC,Australia
Balook Street,Mirboo North,VIC,Australia
30 Main Street,Yinnar,VIC,Australia
180 Main Neerim Road,Neerim South,VIC,Australia
124 Waterdale Road,Ivanhoe,VIC,Australia
100 Newcombe Street,Portarlington,VIC,Australia
12 School Road,Menzies Creek,VIC,Australia
68 Fitzroy Street,St Kilda,VIC,Australia
35 School Road,Labertouche,VIC,Australia
Plumpton Road,Diggers Rest,VIC,Australia
5 McCrae Street,Longwarry,VIC,Australia
50 Main Street,Gembrook,VIC,Australia
13 -19 Fisk Street,Wurruk,VIC,Australia
39-45 Moe-Willow Grove Road,Willow Grove,VIC,Australia
700 Gembrook-Launching Place Road,Hoddles Creek,VIC,Australia
40 Stoney Creek Road,BEACONSFIELD UPPER,VIC,Australia
3580 Katamatite Road,Congupna,VIC,Australia
31 School Road,Redesdale,VIC,Australia
17 Tooronga Road,Malvern East,VIC,Australia
Carter Street,Launching Place,VIC,Australia
215 Rathdowne Street,Carlton,VIC,Australia
Bank Street,Ascot Vale,VIC,Australia
Tarwin Street,Boolarra,VIC,Australia
Point Nepean Road,Rosebud,VIC,Australia
28-34 Moody Street,Koo Wee Rup,VIC,Australia
9-23 Densham Road,Armadale,VIC,Australia
120 Craigie Rd,Mount Martha,VIC,Australia
37 Eramosa Road East,Somerville,VIC,Australia
14 Warranooke Street,Willaura,VIC,Australia
21-31 Eyre Street,Echuca,VIC,Australia
49 Myer Street,Lakes Entrance,VIC,Australia
1673 Benalla Whitfield Road,Myrrhee,VIC,Australia
1-21 Hurley Street,Longwood,VIC,Australia
10 Grant Street,Forrest,VIC,Australia
Langridge Street,Fairfield,VIC,Australia
76 Bloomfield Road,Nilma,VIC,Australia
84 Railway Avenue,Garfield,VIC,Australia
Brewsters Road,Yinnar South,VIC,Australia
13-23 Tivendale Rd,Officer,VIC,Australia
56 Brunswick Road,Brunswick East,VIC,Australia
10 Ruskin Street,Orbost,VIC,Australia
Bayview Avenue,Inverloch,VIC,Australia
2 Beatrice Avenue,Surrey Hills,VIC,Australia
100 Montague Street,South Melbourne,VIC,Australia
Findlay Street,Strathmerton,VIC,Australia
1574 Northern Grampians Road,Laharum,VIC,Australia
4 Main Street,Walwa,VIC,Australia
194 Richardson Street,Middle Park,VIC,Australia
639 Warburton Highway,Seville,VIC,Australia
30 Powell Street,Yarraville,VIC,Australia
157-163 Moreland Road,Coburg,VIC,Australia
253 Moe-Willow Grove Road,Tanjil South,VIC,Australia
2859 Ararat - Halls Gap Road,Pomonal,VIC,Australia
44 Murphy Street,Brighton,VIC,Australia
41 - 45 Cairnbrook Road,Glengarry,VIC,Australia
51 Truganini Road,Carnegie,VIC,Australia
52 Westernport Road,Lang Lang,VIC,Australia
Cnr Kent Avenue & Croydon Road,Croydon,VIC,Australia
150 Athol Street,Moonee Ponds,VIC,Australia
294 Mitcham Road,Mitcham,VIC,Australia
2 Victoria Road,Loch,VIC,Australia
175-189 San Mateo Avenue,Mildura,VIC,Australia
185 Surrey Road,Blackburn,VIC,Australia
2-4 McLaughlins Road,Newmerella,VIC,Australia
415 Graham Street,Port Melbourne,VIC,Australia
51 Rathmines Road,Hawthorn East,VIC,Australia
6 Childers Street,Mentone,VIC,Australia
280 Pigdon Street,Carlton North,VIC,Australia
99 Killara Road,Gruyere,VIC,Australia
1570 Main Road,Research,VIC,Australia
Baxter-tooradin Road,Pearcedale,VIC,Australia
607 Lindenow-Glenaladale Road,Lindenow South,VIC,Australia
19 Robinson Street,Thorpdale,VIC,Australia
39 West Esplanade,St Albans,VIC,Australia
Nerrena Road,Leongatha,VIC,Australia
Sands Avenue,Jeparit,VIC,Australia
Canterbury Road,Toorak,VIC,Australia
Grant Road,Baxter,VIC,Australia
10 Foster Road,Fish Creek,VIC,Australia
71-77 Old Princes Highway,Beaconsfield,VIC,Australia
90 Stirling Road,Metung,VIC,Australia
12-22 School Avenue,Newhaven,VIC,Australia
10-14 School Road,Halls Gap,VIC,Australia
24-34 Victoria Street,Tallygaroopna,VIC,Australia
121 Wheatley Road,Ormond,VIC,Australia
6 - 16 Mine Road,Korumburra,VIC,Australia
70 Milne Street,Crib Point,VIC,Australia
362 Gaffney Street,Pascoe Vale,VIC,Australia
3377 Whittlesea Yea Road,Flowerdale,VIC,Australia
1 - 23 Draper Street,Ocean Grove,VIC,Australia
Henty Highway,Beulah,VIC,Australia
Miller Street,Fitzroy North,VIC,Australia
Cnr Hampshire & Derby Roads,Sunshine,VIC,Australia
186 Mornington-Tyabb Road,Tyabb,VIC,Australia
Wales Street,Thornbury,VIC,Australia
1037 Sandy Creek Road,Sandy Creek,VIC,Australia
193 Spensley Street,Clifton Hill,VIC,Australia
35 Kitchener Street,Kew East,VIC,Australia
110 Koorlong Avenue,Nichols Point,VIC,Australia
2032 15th Street,Irymple,VIC,Australia
195a Stewart Street,Brunswick East,VIC,Australia
43 School Road,Eagle Point,VIC,Australia
2370 Warburton Highway,Yarra Junction,VIC,Australia
399 Mt Dandenong Tourist Road,Sassafras,VIC,Australia
School Road,Ferny Creek,VIC,Australia
Main Road,Toolangi,VIC,Australia
Dudley Road,Wonga Park,VIC,Australia
1041-1061 Whittlesea-Kinglake Rd,Kinglake West,VIC,Australia
Centreway,French Island,VIC,Australia
1 Main Road,Monbulk,VIC,Australia
8 Williams Street,Lake Boga,VIC,Australia
705 Chum Creek Road,Chum Creek,VIC,Australia
13 - 15 Farndons Road,Mount Dandenong,VIC,Australia
Church Street,Nullawil,VIC,Australia
139 Badger Creek Rd,Healesville,VIC,Australia
RSD 1 Extons Road,Kinglake Central,VIC,Australia
22 Bowen Road,Point Lonsdale,VIC,Australia
1445 Wonthaggi Korumburra Road,Kongwak,VIC,Australia
1166 Centre Road,Clarinda,VIC,Australia
194 Thames Promenade,Chelsea Heights,VIC,Australia
608 - 610 Wallington Road,Wallington,VIC,Australia
1536 Burwood Highway,Tecoma,VIC,Australia
45-55 Grossmans Road,Torquay,VIC,Australia
10 Heroes Avenue,Emerald,VIC,Australia
2-6 Church Road,Carrum,VIC,Australia
Grundy Avenue,Nyora,VIC,Australia
1137 Exford Road,Exford,VIC,Australia
Cnr Cameron & O'Connor Street,Ultima,VIC,Australia
37-45 Park Lane,Mount Waverley,VIC,Australia
Jorgensen Street,Marlo,VIC,Australia
Hobart Road,Murrumbeena,VIC,Australia
2850 Warburton Highway,Wesburn,VIC,Australia
3645 Benetook Ave,Koorlong,VIC,Australia
1 Wellington Park Drive,Warranwood,VIC,Australia
690 Willowmavin Road,Willowmavin,VIC,Australia
45 Charlemont Lane,Olinda,VIC,Australia
49 Moomowroong Road,Carlisle River,VIC,Australia
104-110 Spring Gully Road,Bendigo,VIC,Australia
25 Bucknall Street,Mallacoota,VIC,Australia
90 Warrandyte Road,Langwarrin,VIC,Australia
19-33 Belgrave-Gembrook Road,Cockatoo,VIC,Australia
88 The Crescent,Tyabb,VIC,Australia
175 Colby Drive,Belgrave South,VIC,Australia
Highview Road,Preston,VIC,Australia
39-49 Community Hub,Sydenham,VIC,Australia
Molesworth Street,Canterbury,VIC,Australia
225 Seventeenth Street,Cabarita,VIC,Australia
30 - 44 Grey Street,Traralgon,VIC,Australia
Pearson Street,Brunswick West,VIC,Australia
Lorne Street,Fawkner,VIC,Australia
Yarralea Street,Alphington,VIC,Australia
145 Studley Road,Heidelberg,VIC,Australia
520 Bona Vista Road,Bona Vista,VIC,Australia
90 Cadles Road,Carrum Downs,VIC,Australia
146 Settlement Road,Bundoora,VIC,Australia
405 Macclesfield Road,Macclesfield,VIC,Australia
71 Arkaringa Crescent,Black Rock,VIC,Australia
33 Monbulk Road,Mount Evelyn,VIC,Australia
Durham Road,Kilsyth,VIC,Australia
18 Billson Street,Wonthaggi,VIC,Australia
Melbourne Road,Spotswood,VIC,Australia
13 Oroya Grove,Clyde,VIC,Australia
65 Buckley Street,Noble Park,VIC,Australia
958a Burke Road,Deepdene,VIC,Australia
1020 Deptford Road,Clifton Creek,VIC,Australia
60 Crook Street,Kennington,VIC,Australia
2405 Ballarto Road,Cardinia,VIC,Australia
85 Grahamvale Road,Grahamvale,VIC,Australia
3208 Fifteenth Street,Irymple,VIC,Australia
Grange Road,Glen Huntly,VIC,Australia
159 Bennett Road,Nanneella,VIC,Australia
120 Mountain Highway,Wantirna,VIC,Australia
Cnr White & Wentworth Road,Wonthaggi,VIC,Australia
38 - 46 Exford Road,Melton South,VIC,Australia
34-44 Argyle Ave,Chelsea,VIC,Australia
528 Hampton Street,Hampton,VIC,Australia
597 St Kilda Road,Melbourne,VIC,Australia
4 School Road,Balliang East,VIC,Australia
42-54 Edithvale Road,Edithvale,VIC,Australia
300 Channel Road,Orrvale,VIC,Australia
370 Victoria Road,Thornbury,VIC,Australia
67 Cotter Street,Underbool,VIC,Australia
186 Balaclava Road,Caulfield North,VIC,Australia
Mcrae Street,Seaford,VIC,Australia
225 Warrigal Road,Burwood,VIC,Australia
61 Browning Avenue,Murrabit,VIC,Australia
383 Murray Road,Preston,VIC,Australia
16-22 Hutton Street,Thornbury,VIC,Australia
Argyle Street,West Footscray,VIC,Australia
220 Warburton Highway,Wandin North,VIC,Australia
66 Landcox Street,Brighton East,VIC,Australia
99 Dalgetty Road,Beaumaris,VIC,Australia
2 Ridge Road,Dookie Campus,VIC,Australia
20-24 Tamboon Road,Cann River,VIC,Australia
109 Blyth Street,Altona,VIC,Australia
50 Worthing Road,Devon Meadows,VIC,Australia
Talaskia Road,Upper Ferntree Gully,VIC,Australia
45 High Street,Eildon,VIC,Australia
Portsmouth Road,Bittern,VIC,Australia
56 Mitchell Street,Colbinabbin,VIC,Australia
48 Midland Highway,Stanhope,VIC,Australia
961-989 Heidelberg-Kinglake Rd,Hurstbridge,VIC,Australia
185-187 Reynard Street,Coburg,VIC,Australia
Scott Street,Elwood,VIC,Australia
Barloa Road,Mont Albert,VIC,Australia
605 Langham Road,Dhurringile,VIC,Australia
5 School Ridge Road,Strathewen,VIC,Australia
Old Dalry Road,Don Valley,VIC,Australia
Duffy Street,Reservoir,VIC,Australia
2A Reserve Street,Yallourn North,VIC,Australia
315 Lake Tyers Beach Road,Lake Tyers Beach,VIC,Australia
528 Winter Road,Girgarre,VIC,Australia
550 Little Yarra Road,Gladysdale,VIC,Australia
219-227  Ninth Street,Mildura,VIC,Australia
87 Wilson Street,Moonee Ponds,VIC,Australia
58 Bishop Street,Yarraville,VIC,Australia
72 Monbulk Road,Kallista,VIC,Australia
112 Keilor Road,Essendon North,VIC,Australia
Langs Rd,Ascot Vale,VIC,Australia
Milverton St,Camberwell,VIC,Australia
Murray Avenue,Red Cliffs,VIC,Australia
16-24 Reynolds Road,Wattle Glen,VIC,Australia
32 Somerville Road,Hampton Park,VIC,Australia
12 Ligar Street,Colac,VIC,Australia
25 Carrington Grove,St Kilda East,VIC,Australia
60a Rattray Road,Montmorency,VIC,Australia
785 Hendy Main Road,Moriac,VIC,Australia
172 Oban Road,Ringwood North,VIC,Australia
Block 67a Nerrum Avenue,Red Cliffs,VIC,Australia
Lloyd Street,Malvern East,VIC,Australia
Stuart Street,Bayswater North,VIC,Australia
2-10 Pascoe Street,Pascoe Vale,VIC,Australia
18 - 50 Ponsford Drive,Point Cook,VIC,Australia
14 Rosamond Road,Footscray,VIC,Australia
226 Airly Estate Road,Airly,VIC,Australia
Peate Avenue,Glen Iris,VIC,Australia
305-311 Nepean Highway,Parkdale,VIC,Australia
Brine Street,Hughesdale,VIC,Australia
45 Brooke St & 311 Clarke St,Northcote,VIC,Australia
419 Tooronga Road,Hawthorn East,VIC,Australia
23 Laura Street,Aspendale,VIC,Australia
35-47 Wattletree Road,Eltham North,VIC,Australia
158 Merrivale Drive,Warrnambool,VIC,Australia
32 Birdwood Avenue,Dandenong,VIC,Australia
222 - 228 Yarra Road,Croydon,VIC,Australia
1 Doone Street,Essendon,VIC,Australia
20-24 Strachan Avenue,Manifold Heights,VIC,Australia
455 Nungurner Road,Nungurner,VIC,Australia
111-115 Centre Dandenong Road,Dingley Village,VIC,Australia
415 Dairtnunk Avenue,Cardross,VIC,Australia
61-81 Adelaide Street,Albion,VIC,Australia
Lemnos Road,Lemnos,VIC,Australia
School Road,Tarwin Lower,VIC,Australia
33 Klauer St,Seaford,VIC,Australia
South Daly Street,Brunswick West,VIC,Australia
78A Oakover Road,Preston,VIC,Australia
47A Weybridge Street,Surrey Hills,VIC,Australia
24 Bundeera Road,Caulfield South,VIC,Australia
Fakenham Road,Ashburton,VIC,Australia
23 Brewer Road,Bentleigh,VIC,Australia
15 Prospect Road,Seaspray,VIC,Australia
85 Camp Road,Anglesea,VIC,Australia
25 Gladstone Road,Briar Hill,VIC,Australia
245 Zeerust Road,Zeerust,VIC,Australia
253 Tucker Road,Ormond,VIC,Australia
539 Clayton Road,Clayton South,VIC,Australia
35 Warncliffe Road,Ivanhoe East,VIC,Australia
3 Crofts Road,Cobains,VIC,Australia
593 Deakin Avenue,Mildura South,VIC,Australia
1B Tate Street,Geelong East,VIC,Australia
Culloden Street,Brunswick West,VIC,Australia
17-27 Bankin Street,Katandra West,VIC,Australia
97 Fleetwood Drive,Narre Warren,VIC,Australia
9 Holloway Road,Sandringham,VIC,Australia
33 Civic Parade,Seaholme,VIC,Australia
87 Camp Hill Road,Somers,VIC,Australia
50 Flemington Street,TRAVANCORE,VIC,Australia
15 Darling Avenue,Upwey,VIC,Australia
180 O'Hea Street,Coburg,VIC,Australia
Grandview Grove,Rosanna,VIC,Australia
16 Tyner Road,Wantirna South,VIC,Australia
14-34 Lloyd Street,Strathmore,VIC,Australia
Buchanan Avenue,Balwyn North,VIC,Australia
Winton Road,Ashburton,VIC,Australia
47-49 Phillipson Street,Wangaratta,VIC,Australia
Lakeside Avenue,Mount Beauty,VIC,Australia
2-26 Murphy Street,Preston,VIC,Australia
124 Lord Somers Road,Somers,VIC,Australia
24 Murray Road,Newborough,VIC,Australia
7 Stockdale Road,Traralgon,VIC,Australia
1-19 Gowrie Street,Shepparton,VIC,Australia
Carmichael Street,Tootgarook,VIC,Australia
34 South Street,Moe,VIC,Australia
183 Roslyn Road,Belmont,VIC,Australia
Cnr Woods St & Maddox Rd,Newport,VIC,Australia
120 St Georges Road,Shepparton,VIC,Australia
Abbotsford Avenue,Malvern East,VIC,Australia
300 Old Sale Road,Newborough,VIC,Australia
49 Stroud Street,Balwyn,VIC,Australia
159-165 Beaconsfield Parade,Northcote,VIC,Australia
2-24 Gwynne Street,Hamlyn Heights,VIC,Australia
6A Ashleigh Avenue,Frankston,VIC,Australia
2 Morley Street,Selby,VIC,Australia
58 Boldrewood Parade,Reservoir,VIC,Australia
16 Tucker Rd,Bentleigh,VIC,Australia
24 CARTER STREET,Katunga,VIC,Australia
513 Landsborough Street,Ballarat,VIC,Australia
44 Leumeah Road,Bandiana,VIC,Australia
Reading Avenue,Balwyn North,VIC,Australia
5 O'Dowds Road,Warragul,VIC,Australia
24 Hillary Street,Horsham,VIC,Australia
36 Kosciuszko Street,Traralgon,VIC,Australia
148 Liddiard Road,Traralgon,VIC,Australia
49a Alexandra Road,Ringwood East,VIC,Australia
411-429 Reynard Street,Pascoe Vale South,VIC,Australia
26 Maxwell Street,Lalor,VIC,Australia
5a Carrington Road,Reservoir,VIC,Australia
21 Mackie Road,Bentleigh East,VIC,Australia
88 Koonung Road,Blackburn North,VIC,Australia
Grange Street,Oakleigh South,VIC,Australia
Elizabeth Street,Box Hill North,VIC,Australia
111 Forest Road,Ferntree Gully,VIC,Australia
Kneebone Street,Ararat,VIC,Australia
Willett Avenue,Oak Park,VIC,Australia
117-125 Cleeland Street,Dandenong,VIC,Australia
Cnr Wallace & Mckean Streets,Bairnsdale,VIC,Australia
48-68 Prouses Road,Bendigo,VIC,Australia
495 Princes Hwy,Noble Park,VIC,Australia
Kent Road,Pascoe Vale,VIC,Australia
20 Highview Road,Balwyn North,VIC,Australia
28 Dorothy Avenue,Belmont,VIC,Australia
Cnr Elizabeth & King Streets,Moe,VIC,Australia
25 McArthur Avenue,St Albans,VIC,Australia
Cnr Bourchier St & Balaclava R,Shepparton,VIC,Australia
118 Chapman Street,Swan Hill,VIC,Australia
1-19 Mailey Street,Sunshine,VIC,Australia
65 - 71 Suffolk Road,Sunshine North,VIC,Australia
Banyule Road,Rosanna,VIC,Australia
133-141 Edgar Street,Portland,VIC,Australia
Interlaken Parade,Rosanna,VIC,Australia
44 Silver Street,Cheltenham,VIC,Australia
Pearcedale Road,Cranbourne South,VIC,Australia
38 - 50 White Street,Wangaratta,VIC,Australia
25 Gillies Street North,Lake Gardens,VIC,Australia
93 Tyler Street,East Preston,VIC,Australia
Rupert St,Orbost,VIC,Australia
Libau Avenue,Bell Park,VIC,Australia
87 - 91 Grand Boulevard,Craigieburn,VIC,Australia
Ward Street,Warrnambool,VIC,Australia
238 Wilson Street,Colac,VIC,Australia
32-48  George Street,Hamilton,VIC,Australia
44 Valkstone Street,Bentleigh East,VIC,Australia
Towerhill Road,Frankston,VIC,Australia
32 St Leonards Ave,Yarraville,VIC,Australia
276 Ballarat Road,Braybrook,VIC,Australia
29-63 Breeze Street,Bonbeach,VIC,Australia
959 Heatherton Road,Springvale,VIC,Australia
Wood Street,Beaumaris,VIC,Australia
2-24 Chaucer Street,Hamlyn Heights,VIC,Australia
27 Liege Avenue,Noble Park,VIC,Australia
Mt Pleasant Road,Nunawading,VIC,Australia
York Street,Glenroy,VIC,Australia
52 Kirkham Road,Dandenong,VIC,Australia
65 George Street,St Albans,VIC,Australia
24 Wood Street,Avondale Heights,VIC,Australia
2 - 14 Cassowary Street,Doncaster East,VIC,Australia
Lawrence Street,Wodonga,VIC,Australia
10 Kalmia Street,Frankston,VIC,Australia
178 Dorking Road,Box Hill North,VIC,Australia
Louis Street,Heathmont,VIC,Australia
Mascoma Street,Strathmore,VIC,Australia
Riley Street,Oakleigh South,VIC,Australia
82 Cedar Street,Thomastown,VIC,Australia
36 Solomon Street,Mount Waverley,VIC,Australia
Bignell Road,Bentleigh East,VIC,Australia
Nell Street West,Watsonia,VIC,Australia
Robert Street,Parkdale,VIC,Australia
631-639 Whitehorse Road,Mitcham,VIC,Australia
1A Maryborough Avenue,Kingsbury,VIC,Australia
2 Walsh Street,Ormond,VIC,Australia
Suspension Street,Ardeer,VIC,Australia
Fairbank Road,Clayton South,VIC,Australia
Broadmeadows Road,Tullamarine,VIC,Australia
Dawson Street,Sale,VIC,Australia
1-3 Bowmore Avenue,Park Orchards,VIC,Australia
67-73 Furlong Road,Sunshine North,VIC,Australia
12 - 14 Florence Street,Blackburn,VIC,Australia
Janet Street,Blackburn,VIC,Australia
50-76 Wolseley Grove,Bell Post Hill,VIC,Australia
370-380 Springvale Road,Donvale,VIC,Australia
59-71 Larcombe Street,Highton,VIC,Australia
27-35 Pinewood Drive,Mount Waverley,VIC,Australia
62-70 Blair Street,Broadmeadows,VIC,Australia
111 Anderson Road,Fawkner,VIC,Australia
Ronald Grove,Keilor East,VIC,Australia
24 - 36 Hinkley Ave,Croydon,VIC,Australia
38-54 Jolimont Road,Forest Hill,VIC,Australia
120 Flinders Avenue,Lara,VIC,Australia
18 Panfield Avenue,Ringwood,VIC,Australia
1 Tucker Street,Cranbourne,VIC,Australia
2-10 Nevin Parade,Viewbank,VIC,Australia
Mine Street,Greensborough,VIC,Australia
91 Morris Road,Upwey,VIC,Australia
1 Cockayne Street,Simpson,VIC,Australia
16 Grove Street,Eltham,VIC,Australia
30 Belvedere Road,Seaford,VIC,Australia
22 - 30 Essex Road,Mount Waverley,VIC,Australia
Adele Avenue,Ferntree Gully,VIC,Australia
Manuka Drive,Ferntree Gully,VIC,Australia
25 Tormore Road,Boronia,VIC,Australia
Rica Street,Moorabbin,VIC,Australia
60 Summit Crescent,Ringwood North,VIC,Australia
208 Hilton St,Glenroy,VIC,Australia
18 - 20 Ruskin Ave,Croydon,VIC,Australia
1430 Heatherton Road,Dandenong,VIC,Australia
37 Cook Street,Newtown,VIC,Australia
Mallum Avenue,Frankston,VIC,Australia
274-288 Gallaghers Rd,Glen Waverley,VIC,Australia
14 Montgomery Avenue,Mount Waverley,VIC,Australia
64 Buena Vista Drive,Montmorency,VIC,Australia
2 Berend Street,Hampton East,VIC,Australia
51 Cresser Street,Altona North,VIC,Australia
Cnr Hawthorn & Mahoneys Rds,Burwood East,VIC,Australia
80-88 Cooper Street,Stawell,VIC,Australia
61 Henry Street,Greensborough,VIC,Australia
Cnr Forest & Hancock Streets,Wendouree,VIC,Australia
25 Pembroke Road,Mooroolbark,VIC,Australia
23 Jenkens Street,Frankston North,VIC,Australia
84-90 Wilmot Road,Shepparton,VIC,Australia
6 Bendoran Crescent,Bundoora,VIC,Australia
Lister Street,St Albans,VIC,Australia
Norwich Street,St Albans,VIC,Australia
1 Mitchell Street,Kerang,VIC,Australia
15- 41 Koroit Avenue,Broadmeadows,VIC,Australia
Broome Avenue,Mentone,VIC,Australia
Elata Street,Donvale,VIC,Australia
16-26 Barton Street,Bell Park,VIC,Australia
Landscape Drive,Boronia,VIC,Australia
7 Allen Street,Glen Waverley,VIC,Australia
Coleman Parade,Churchill,VIC,Australia
21-31 Lambhill Crescent,Highton,VIC,Australia
Enfield Drive,Bayswater,VIC,Australia
81 Hallifax Street,Seaford,VIC,Australia
76 - 82 Vary Street,Morwell,VIC,Australia
39 Cleveland Street,Thomastown,VIC,Australia
40-46 Mulhall Drive,St Albans,VIC,Australia
150 Palmerston Street,Carlton,VIC,Australia
45a Kidman Avenue,Belmont,VIC,Australia
15 Birchwood Avenue,Lower Templestowe,VIC,Australia
33 Ashton Street,Glen Waverley,VIC,Australia
16 Sharpes Road,Watsonia North,VIC,Australia
89-105 Carlton Road,Dandenong,VIC,Australia
Kathryn Road,Knoxfield,VIC,Australia
Heyington Avenue,Doncaster,VIC,Australia
66 Blake Street,Ararat,VIC,Australia
Overport Road,Frankston South,VIC,Australia
98-112 Main Street,Thomastown,VIC,Australia
Paratea Drive,Rowville,VIC,Australia
15a Langridge Street,Hoppers Crossing,VIC,Australia
276-300 High Street,Templestowe Lower,VIC,Australia
61 Belar Avenue,Frankston,VIC,Australia
479-491 Elizabeth Drive,Sunbury,VIC,Australia
15 - 25 South Circular Road,Gladstone Park,VIC,Australia
Monomeith Street,Mooroolbark,VIC,Australia
55 Nottingham Street,Glen Waverley,VIC,Australia
118 Hayrick Lane,Mooroolbark,VIC,Australia
Wattletree Road,Ferntree Gully,VIC,Australia
17 Outlook Crescent,Briar Hill,VIC,Australia
Colchester Drive,Doncaster East,VIC,Australia
33-69 Guthrie Street,Shepparton,VIC,Australia
Patten Street,Sale,VIC,Australia
"Suite 1.4, Level 1",Parkville,VIC,Australia
22-30 Livingstone Road,Vermont South,VIC,Australia
411 Grimshaw Street,Bundoora,VIC,Australia
Quinn Street,Deer Park,VIC,Australia
1-13 Laurel Crescent,Campbellfield,VIC,Australia
2 Derna Crescent,Lalor,VIC,Australia
2 Rathdowne Circuit,Melton West,VIC,Australia
129-163 Main Hurstbridge Road,Diamond Creek,VIC,Australia
1-5 Ninevah Crescent,Wheelers Hill,VIC,Australia
Phyllis Street,Bayswater,VIC,Australia
Robertson Drive,Mornington,VIC,Australia
15 Cartwright Street,Wodonga,VIC,Australia
14B Silver Avenue,Frankston North,VIC,Australia
25 Lennox Street,Richmond,VIC,Australia
Hardy Crescent,Heathmont,VIC,Australia
52 Kings Road,St Albans,VIC,Australia
43-49 Francis Crescent,Mount Evelyn,VIC,Australia
33-57 Warringa Crescent,Hoppers Crossing,VIC,Australia
1-23 Kermeen Street,Sunshine West,VIC,Australia
Havana Crescent,Frankston,VIC,Australia
38-64 Wallarano Drive,Noble Park,VIC,Australia
44 Victoria Road,Lilydale,VIC,Australia
106-112 Taylor Road,Mooroolbark,VIC,Australia
59-75 Murray Street,Sunshine West,VIC,Australia
48 Gladesville Drive,Kilsyth,VIC,Australia
15 Slalom Street,Falls Creek,VIC,Australia
100 Victoria Street,Flemington,VIC,Australia
7-21 Prospect Hill Road,Narre Warren,VIC,Australia
Tintern Avenue,Ringwood East,VIC,Australia
85 Heyers Road,Grovedale,VIC,Australia
47 Staff Street,Moe,VIC,Australia
14 Naranga Crescent,Frankston,VIC,Australia
Greenaway Drive,Ferntree Gully,VIC,Australia
18-36 Mawson Avenue,Deer Park,VIC,Australia
25 Murray Road,Dandenong North,VIC,Australia
45 MacIsaac Road,Mooroopna,VIC,Australia
26-42 Richard Road,Melton South,VIC,Australia
232-246 Greaves St North,Werribee,VIC,Australia
195 - 227 Carrick Drive,Gladstone Park,VIC,Australia
134-148 Whites Lane,Wheelers Hill,VIC,Australia
Montpellier Road,Ashwood,VIC,Australia
Dimboola Road,Broadmeadows,VIC,Australia
49-61 Pleasant Road,Bulleen,VIC,Australia
25 Farm Road,Cheltenham,VIC,Australia
36-42 Drysdale Road,Warrandyte,VIC,Australia
11 Columbia Drive,Wheelers Hill,VIC,Australia
1-25 Plaza Crescent,Dingley Village,VIC,Australia
1 Tasma Street,Ascot Vale,VIC,Australia
Galahad Crescent,Glen Waverley,VIC,Australia
25 - 29 Livingstone Road,Vermont South,VIC,Australia
Blackwood Crescent,Churchill,VIC,Australia
2A Laurel Street,St Albans,VIC,Australia
77-123 Jacksons Road,Noble Park North,VIC,Australia
39-49 Kalinda Road,Ringwood,VIC,Australia
1-11 Worden Court,Whittington,VIC,Australia
Kelso Street,Coldstream,VIC,Australia
399-409 Church Road,Templestowe,VIC,Australia
63 Fordholm Road,Hampton Park,VIC,Australia
50 Amesbury Avenue,Wantirna,VIC,Australia
1-11 Rescorla Avenue,Croydon,VIC,Australia
Allambi Avenue,Capel Sound,VIC,Australia
13-21 Diplomat Drive,Thomastown,VIC,Australia
Franciscan Avenue,Frankston,VIC,Australia
29-59 James Cook Drive,Endeavour Hills,VIC,Australia
39 Gum Road,KINGS PARK,VIC,Australia
6 Moseley Drive,Mount Eliza,VIC,Australia
25 Silva Drive,West Wodonga,VIC,Australia
23 Mill Street,Aspendale,VIC,Australia
Sassafras Drive,Frankston,VIC,Australia
228 Banksia Street,Bellfield,VIC,Australia
Cnr Nott & Pool Streets,Port Melbourne,VIC,Australia
4-8 Hume Street,Cobram,VIC,Australia
15-25 Academy Avenue,Wheelers Hill,VIC,Australia
261 - 269 Mcgrath Road,Wyndham Vale,VIC,Australia
2 Verney Road,Shepparton,VIC,Australia
41-51 Weeden Drive,Vermont South,VIC,Australia
2-10 Blamey Avenue,Mill Park,VIC,Australia
14-24 Brentwick Drive,Greensborough,VIC,Australia
159-211 Coburns Road,Melton,VIC,Australia
13-15 Sandown Road,Springvale,VIC,Australia
81 Warringa Crescent,Hoppers Crossing,VIC,Australia
Tuckers Road,Templestowe,VIC,Australia
37 - 55 Glenisla Drive,Mount Martha,VIC,Australia
78-88 Alma Avenue,Altona Meadows,VIC,Australia
53 Kallista-Emerald Road,The Patch,VIC,Australia
333 Princes Highway,Sale,VIC,Australia
17-33 Petronella Avenue,Wheelers Hill,VIC,Australia
54-64 Diamond Avenue,Albanvale,VIC,Australia
Mcewen Drive,Sunbury,VIC,Australia
39 Magpie Street,Ballarat,VIC,Australia
50 Kunyung Road,Mount Eliza,VIC,Australia
31-43 Civic Drive,Greensborough,VIC,Australia
10 Corang Avenue,Grovedale,VIC,Australia
26-52 Eldorado Crescent,Meadow Heights,VIC,Australia
110 Duff Street,Cranbourne,VIC,Australia
130-148 Gladesville Boulevard,Patterson Lakes,VIC,Australia
141 East Road,Seaford,VIC,Australia
270 Sheffield Road,Montrose,VIC,Australia
66 Kimberley Drive,Chirnside Park,VIC,Australia
70 Corinella Road,Corinella,VIC,Australia
Crestdale Road,Wantirna,VIC,Australia
Charter Road East,Sunbury,VIC,Australia
21 Nelson Street,Darley,VIC,Australia
110-120 Greenhalghs Road,Delacombe,VIC,Australia
Stalwart Avenue,Hastings,VIC,Australia
71 Scotsburn Way,Endeavour Hills,VIC,Australia
27 Cambrian Way,Melton West,VIC,Australia
149 Appin Street,Wangaratta,VIC,Australia
71-95 Belmont Road East,Croydon South,VIC,Australia
96 Landscape Drive,Doncaster East,VIC,Australia
139-145 Mansfield Street,Berwick,VIC,Australia
58 - 84 Furlong Road,Sunshine North,VIC,Australia
4 Jennings Street,Laverton,VIC,Australia
127-143 Circular Drive,Sunbury,VIC,Australia
16-18 Gertz Ave,Reservoir,VIC,Australia
Hickox Street,Traralgon,VIC,Australia
54 Gayview Drive,West Wodonga,VIC,Australia
10 Echidna Parade,Botanic Ridge,VIC,Australia
18 Manooka Street,Burwood East,VIC,Australia
139 Appin Street,Wangaratta,VIC,Australia
46-62 Paringa Boulevard,Meadow Heights,VIC,Australia
Cnr Fawthrop & Edgar Streets,Portland,VIC,Australia
25 Old White Hill Road,Dromana,VIC,Australia
15A Primrose Hill Close,Endeavour Hills,VIC,Australia
14-36 Lesdon Avenue,Cranbourne,VIC,Australia
80 Argyle Way,Wantirna South,VIC,Australia
1-21 David Collins Drive,Endeavour Hills,VIC,Australia
128b Gillespie Road,St Albans,VIC,Australia
19-21 Victoria Road,Narre Warren,VIC,Australia
40 Robertson Drive,Mornington,VIC,Australia
4 Genoa Street,Moorabbin,VIC,Australia
52 Landscape Drive,Mooroolbark,VIC,Australia
102 Hothlyn Drive,Craigieburn,VIC,Australia
Cuthbert Drive,Mill Park,VIC,Australia
7 Charlies Street,Loch Sport,VIC,Australia
20 Burdap Drive,Mount Evelyn,VIC,Australia
120A Wilson Street,Colac,VIC,Australia
3 - 6 Gullane Drive,Sunbury,VIC,Australia
341-357 Deakin Avenue,Mildura,VIC,Australia
12 Margaretta Street,East Bentleigh,VIC,Australia
120 Bellbridge Drive,Hoppers Crossing,VIC,Australia
Campaspe Drive,Croydon Hills,VIC,Australia
37-45 Mowbray Crescent,Melton,VIC,Australia
19-27 Northgateway,Langwarrin,VIC,Australia
21-35 Chichester Drive,Taylors Lakes,VIC,Australia
39 Calendonia Drive,Eltham North,VIC,Australia
Cnr Bishop & Gaffney Streets,Coburg,VIC,Australia
29 - 35 Dimboola Rd,Broadmeadows,VIC,Australia
Ivory Court,Sunshine,VIC,Australia
27-33 Yana Street,Swan Hill,VIC,Australia
85 Brighton Street,Richmond,VIC,Australia
68-76 Davison Street,Richmond,VIC,Australia
7-13 Skene Street,Stawell,VIC,Australia
17 High Street North,Horsham,VIC,Australia
36 Grayland Street,Cobden,VIC,Australia
189 Wollaston Road,Warrnambool,VIC,Australia
117 Blackwood Street,Yarraville,VIC,Australia
84 -146 Jetty Road,Clifton Springs,VIC,Australia
Wentworth Avenue,Rowville,VIC,Australia
77 Henty Street,Portland,VIC,Australia
15 Kerr Street,Hamilton,VIC,Australia
11 Duncan Road,Lalor,VIC,Australia
101 Orchard Grove,Blackburn South,VIC,Australia
22-48 Meadow Glen Drive,Epping,VIC,Australia
240 Victoria Street,Altona Meadows,VIC,Australia
40 Almond Street,Balwyn North,VIC,Australia
55 Burke Street,Warragul,VIC,Australia
1 Burnley Street,Laverton,VIC,Australia
5 Werrigar Street,Warracknabeal,VIC,Australia
145 Coral Drive,Hampton Park,VIC,Australia
Maramba Drive,Narre Warren,VIC,Australia
67-77 Thomas Mitchell Drive,Endeavour Hills,VIC,Australia
Karoo Road,Rowville,VIC,Australia
29-35 Goldsmith Avenue,Delahey,VIC,Australia
26-32 Lockwood Road,Kangaroo Flat,VIC,Australia
66 Wilkinson Drive,Echuca,VIC,Australia
96 Kearney Drive,Aspendale Gardens,VIC,Australia
35 Gwendoline Drive,Berwick,VIC,Australia
Bemersyde Drive,Berwick,VIC,Australia
56 Dorset Road,Ferntree Gully,VIC,Australia
45 Macedon Parade,Wollert,VIC,Australia
750 Eynesbury Road,Eynesbury,VIC,Australia
Carruthers Drive,Hoppers Crossing,VIC,Australia
Rowellyn Avenue,Carrum Downs,VIC,Australia
31 Sycamore Street,Hoppers Crossing,VIC,Australia
10 Gum Nut Drive,Langwarrin,VIC,Australia
87-93 Pindari Avenue,Mill Park,VIC,Australia
Copernicus Way,Keilor Downs,VIC,Australia
83-105 Point Cook Road,Seabrook,VIC,Australia
54 Dorchester Street,Craigieburn,VIC,Australia
85 Walls Road,Werribee,VIC,Australia
Buckingham Drive,Rowville,VIC,Australia
348 Ontario Avenue,Mildura,VIC,Australia
Kilberry Boulevard,Hampton Park,VIC,Australia
61 Phillip Drive,Sunbury,VIC,Australia
31-65 John Dory Drive,Ocean Grove,VIC,Australia
291 Pink Hill Boulevard,Officer,VIC,Australia
56 Timbarra Avenue,Werribee,VIC,Australia
Cnr Garnet And Teague Street,Niddrie,VIC,Australia
79 - 93 Kurrajong Road,Narre Warren,VIC,Australia
37a Thames Boulevard,Werribee,VIC,Australia
Tulip Street,Violet Town,VIC,Australia
76 - 94 Laura Avenue,Belmont,VIC,Australia
164 Halletts Way,Bacchus Marsh,VIC,Australia
15 Kennedy Road,Pakenham,VIC,Australia
35 Rosebank Drive,Cranbourne North,VIC,Australia
34 Worwong Ave,Somerville,VIC,Australia
Campbell Street,Derrinallum,VIC,Australia
10 Hood Avenue,Mortlake,VIC,Australia
103-113 Monroe Street,Branxholme,VIC,Australia
90-100 Williams Road,Mount Duneed,VIC,Australia
16 Ibbs Lane,Grasmere,VIC,Australia
Princes Highway,Narrawong,VIC,Australia
301 Otway Street South,Ballarat East,VIC,Australia
Thompson Street,Brown Hill,VIC,Australia
25 Ferdinand Drive,Clyde North,VIC,Australia
13 Harrison Street,Tempy,VIC,Australia
Knotts Siding Road,Rawson,VIC,Australia
627 Maffra-Sale Road,Bundalaguah,VIC,Australia
270 Burnt Store Road,Lardner,VIC,Australia
947 Sale-Cowwarr Road,Nambrok,VIC,Australia
5960 South Gippsland Highway,Welshpool,VIC,Australia
6182 Mansfield Road,Whitfield,VIC,Australia
2376 Wangaratta Kilfeera Road,Greta South,VIC,Australia
2157 Great Alpine Road,Everton,VIC,Australia
1 Cowan Street,Waaia,VIC,Australia
2612 Kulkyne Way,Nangiloc,VIC,Australia
10 Sutcliff Street,Sea Lake,VIC,Australia
3 Wilkinson Street,Harcourt,VIC,Australia
20 School Road,Beverford,VIC,Australia
25 Watt Street,Niddrie,VIC,Australia
1 Blossom Drive,Greenvale,VIC,Australia
46 OShannassy Parade,Lucas,VIC,Australia
361 Creamery Road,Toolern Vale,VIC,Australia
4a Parkhill Drive,Ashwood,VIC,Australia
22 Wells Road,Seaford,VIC,Australia
57 Birdwood Street,Box Hill South,VIC,Australia
6 Geale Street,Meeniyan,VIC,Australia
3730 Ballarto Road,Bayles,VIC,Australia
77 Argus Street,Cheltenham,VIC,Australia
9 - 21 Bent Street,Dalyston,VIC,Australia
774 High Street Road,Glen Waverley,VIC,Australia
Laura Road,Knoxfield,VIC,Australia
74-82 Albany Drive,Mulgrave,VIC,Australia
17 State Street,Oakleigh East,VIC,Australia
39 Darwin Road,Boronia,VIC,Australia
Marcus Avenue,Mount Waverley,VIC,Australia
27 Churinga Avenue,Mitcham,VIC,Australia
40-48 Lake Street,Edenhope,VIC,Australia
20 Francis Street,Murrayville,VIC,Australia
65 Mitchell Street,Hawkesdale,VIC,Australia
43-81 Browns Road,Noble Park,VIC,Australia
Whites Lane,Glen Waverley,VIC,Australia
209 Yallambie Road,Yallambie,VIC,Australia
49 Palmer Street,Woorinen South,VIC,Australia
50 Becker Street,Smythesdale,VIC,Australia
Cavanagh Road,Millgrove,VIC,Australia
38 Main Street,Gormandale,VIC,Australia
21-33 Mcpherson Boulevard,Roxburgh Park,VIC,Australia
7 - 25 Richard Street,Newcomb,VIC,Australia
44 South Road,Braybrook,VIC,Australia
Morell Street,Glenroy,VIC,Australia
Sandhurst Avenue,Doncaster East,VIC,Australia
53-59 Monash Avenue,Nyah West,VIC,Australia
20 Sherwood Road,Narre Warren South,VIC,Australia
9 New Holland Drive,Cranbourne East,VIC,Australia
51A Great Ryrie Street,Heathmont,VIC,Australia
159-197 Parkhill Drive,Berwick,VIC,Australia
178 Community Hub,Hillside,VIC,Australia
82S The Promenade,Narre Warren South,VIC,Australia
7-21 Almands Avenue,Roxburgh Park,VIC,Australia
Cnr Foxwood Dve & Dunnings Rd,Point Cook,VIC,Australia
261 Racecourse Road,Mornington,VIC,Australia
724 Glen Huntly Road,Caulfield South,VIC,Australia
31 Calvert Street,Bairnsdale,VIC,Australia
35 - 59 Lockwood Drive,Roxburgh Park,VIC,Australia
Paterson Drive,Lynbrook,VIC,Australia
13 Horn Street,Leongatha,VIC,Australia
Armidale Road,Doreen,VIC,Australia
3-19 Parkvista Drive,Truganina,VIC,Australia
130 Tenterfield Drive,Burnside Heights,VIC,Australia
365 Harvest Home Road,Epping,VIC,Australia
55 Clearwood Drive,Truganina,VIC,Australia
35 Lexington Drive,Burnside,VIC,Australia
72 Viewgrand Drive,Berwick,VIC,Australia
23 Shearwater Drive,Pakenham,VIC,Australia
65 Wootten Road,Tarneit,VIC,Australia
5 Livingstone Boulevard,Pakenham,VIC,Australia
40-50 Loddon Drive,Taylors Hill,VIC,Australia
15 Silky Oak Drive,Cranbourne,VIC,Australia
96 Holland Road,Blackburn South,VIC,Australia
40 Lennon Parkway,Derrimut,VIC,Australia
20 Mansfield Street,Epping,VIC,Australia
66 Wilkinson Drive,Echuca,VIC,Australia
2 Bowyer Avenue,Cranbourne East,VIC,Australia
39 Violet Grove,Wendouree,VIC,Australia
70 Brookwater Parade,Lyndhurst,VIC,Australia
51-81 Grevillea Street,Craigieburn,VIC,Australia
73-91 Hickford Street,Reservoir,VIC,Australia
41 Gerbert Street,Broadmeadows,VIC,Australia
40 Riverdale Boulevard,Mernda,VIC,Australia
132 Hertford Road,Sunshine,VIC,Australia
50 Atlantic Drive,Pakenham,VIC,Australia
86-100 Alamanda Boulevard,Point Cook,VIC,Australia
70-86 Junction Road,Blackburn North,VIC,Australia
19 - 31  Maple Street,Golden Square,VIC,Australia
134 Kingsway Drive,Lalor,VIC,Australia
Cochrane Avenue,Keysborough,VIC,Australia
33 Coomoora Road,Springvale South,VIC,Australia
1 - 19 Oakwood Avenue,Dandenong North,VIC,Australia
159-167 Athol Road,Springvale South,VIC,Australia
32-52 Wareham Street,Springvale,VIC,Australia
24 Erica Street,Springvale,VIC,Australia
18 Swindon Crescent,Keilor Downs,VIC,Australia
59-77 Kookaburra Avenue,Werribee,VIC,Australia
74 Holmes Road,Bendigo,VIC,Australia
10 Logan Street,Glenroy,VIC,Australia
60 Merrilands Road,Reservoir,VIC,Australia
202-226 Newbury Boulevard,Craigieburn,VIC,Australia
26-36 King Street,Dallas,VIC,Australia
38 Baillie Street,Horsham,VIC,Australia
85 Ribblesdale Ave,Wyndham Vale,VIC,Australia
3 Parker Street,Officer,VIC,Australia
805 High Street,Epping,VIC,Australia
115 Eminence Blvd,Doreen,VIC,Australia
89 Wheelers Park Drive,Cranbourne North,VIC,Australia
52-72 Bushfield Crescent,Coolaroo,VIC,Australia
19-39 Landy Road,Jacana,VIC,Australia
25 Stretton Drive,Torquay,VIC,Australia
59 Claret Ash Boulevard,Harkness,VIC,Australia
25 Aayana Street,Clyde North,VIC,Australia
129-161 Ferrars Street,Southbank,VIC,Australia
90 Everlasting Boulevard,Cranbourne West,VIC,Australia
141 Henry Road,Pakenham,VIC,Australia
29 Albert Park Drive South,Albert Park,VIC,Australia
115 Bridge Road,Officer,VIC,Australia
100 Central Boulevard,Armstrong Creek,VIC,Australia
45 Calvert St,Hamlyn Heights,VIC,Australia
Anderson Street,Aireys Inlet,VIC,Australia
2 Rhyolite Drive,Craigieburn,VIC,Australia
47 - 87 McDonald Street,Morwell,VIC,Australia
105 Orchard Road,Doreen,VIC,Australia
Chapelton Road,Cranbourne East,VIC,Australia
80 Unity Drive,Mount Duneed,VIC,Australia
10 Homeleigh Road,Keysborough,VIC,Australia
17 Little Docklands Drive,Docklands,VIC,Australia
2 Canvas Street,Truganina,VIC,Australia
11 Timbertop Parade,Aintree,VIC,Australia
38 Conservatory Drive,Deanside,VIC,Australia
115 Blackmore Road,Mickleham,VIC,Australia
1 Communal Road,Wyndham Vale,VIC,Australia
34S Thoroughbred Drive,Clyde North,VIC,Australia
2 Wembley Avenue,Strathtulloh,VIC,Australia
10 Sequoia Drive,Kalkallo,VIC,Australia
385 McGeorge Road,Gisborne,VIC,Australia
40 Eliston Avenue,Clyde,VIC,Australia
131 De Rossi Boulevard,Wollert,VIC,Australia
12-38 Amalfi Drive,Endeavour Hills,VIC,Australia
40 Wool Wool Rd,Alvie,VIC,Australia
20 Pengilley Avenue,Apollo Bay,VIC,Australia
69 Newry Road,Boisdale,VIC,Australia
90-100 WILLIAM STREET,Cobram,VIC,Australia
Mead St,Cohuna,VIC,Australia
Cnr Cromwell St/McCutcheon Way,Collingwood,VIC,Australia
93 Victoria Valley Road,Dunkeld,VIC,Australia
793 Dingee Road,Dingee,VIC,Australia
75 Pioneer Street,Foster,VIC,Australia
55 Natimuk-Frances Road,Goroke,VIC,Australia
51 Kentbruck Road,Heywood,VIC,Australia
81 Kiewa East Road,Tangambalanga,VIC,Australia
Great Ocean Road,Lavers Hill,VIC,Australia
20 Burns Street,Lockington,VIC,Australia
4105 Mallee Highway,Manangatang,VIC,Australia
45 Strong Street,Terang,VIC,Australia
49 Paschendale Road,Merino,VIC,Australia
45 Heily Street,Rushworth,VIC,Australia
Carwarp Street,Macleod,VIC,Australia
2 Rundell Way,Pakenham,VIC,Australia
5 Gardner Lane,Poowong,VIC,Australia
Albert Street,Port Fairy,VIC,Australia
341 Arthurs Seat Road,Red Hill,VIC,Australia
311 Mt Dandenong Tourist Road,Sassafras,VIC,Australia
28 Miller Street,Tongala,VIC,Australia
5 McDonald Street,Werrimull,VIC,Australia
1 Wilson Street,Camperdown,VIC,Australia
Bailey Street,Timboon,VIC,Australia
315 Clarendon Street,Thornbury,VIC,Australia
15-29 Hospital Street,Wedderburn,VIC,Australia
315 Clarendon Street,Thornbury,VIC,Australia
Level 2 999 Nepean Highway,Moorabbin,VIC,Australia
246 Clayton Road,Clayton,VIC,Australia
43 Robinsons Road,Frankston South,VIC,Australia
Dunloe Avenue,Mont Albert North,VIC,Australia
2 Steen Avenue,Wollert,VIC,Australia
199 Elevation Boulevard,Craigieburn,VIC,Australia
21 Fernlea Homestead Road,Clyde,VIC,Australia
Mckenzie Street,Cobden,VIC,Australia
950 South Gippsland Highway,Cranbourne,VIC,Australia
39 Smith Street,Daylesford,VIC,Australia
110 Harrisons Road,Dromana,VIC,Australia
19 Wingarra Drive,Grovedale,VIC,Australia
975 - 1011  Karadoc Ave,Irymple,VIC,Australia
57 - 75 Olympic Parade,Kangaroo Flat,VIC,Australia
35 Duncan Road,Lalor,VIC,Australia
17-19 Nelson Road,Lilydale,VIC,Australia
Wilson Road,Melton South,VIC,Australia
261-289 Deakin Avenue,Mildura,VIC,Australia
Vivien St,Bentleigh East,VIC,Australia
59 Olympic Avenue,Mount Clear,VIC,Australia
33 Sapphire Street,Niddrie,VIC,Australia
62 Murray Road,Preston,VIC,Australia
505 Burwood Road,Hawthorn,VIC,Australia
57 Miles Street,Southbank,VIC,Australia
Caramut Road,Warrnambool,VIC,Australia
101 Shaws Road,Werribee,VIC,Australia
383 Napier Street,Bendigo,VIC,Australia
55 Laurel Street,Whittlesea,VIC,Australia
Downey Street,Alexandra,VIC,Australia
26 Burgess Street,Hawthorn East,VIC,Australia
Sturt Street West,Ballarat,VIC,Australia
Buchanan Avenue,Balwyn North,VIC,Australia
14 Orchard Road,Bayswater,VIC,Australia
1/37 Park Road,Beaufort,VIC,Australia
117 - 136 Reserve Road,Beaumaris,VIC,Australia
85 Balaclava Road,Beechworth,VIC,Australia
Rotherham Street,Belmont,VIC,Australia
40 Gaol Road,Bendigo,VIC,Australia
Manuka Road,Berwick,VIC,Australia
60 Springfield Road,Blackburn,VIC,Australia
1 Black Possum Road,Bogong,VIC,Australia
1180 Whitehorse Road,Box Hill,VIC,Australia
352 Ballarat Road,Braybrook,VIC,Australia
65-71 Watsons Road,Glen Waverley,VIC,Australia
120 Marriage Road,Brighton East,VIC,Australia
2-12 Pinniger Street,Broadford,VIC,Australia
59-99 Cooper Street,Essendon,VIC,Australia
Prospect Hill Road,Canterbury,VIC,Australia
16 Mangarra Road,Canterbury,VIC,Australia
27 Mt Gambier Road,Casterton,VIC,Australia
73-75 Bernard Street,Cheltenham,VIC,Australia
25-47 Warkil Street,Cobram,VIC,Australia
6415 Murray Valley Highway,Cohuna,VIC,Australia
Stawell Street,Cranbourne,VIC,Australia
80 Strathlea Drive,Cranbourne West,VIC,Australia
61-77 Croydon Road,Croydon,VIC,Australia
167-175 Mt Alexander Road,Flemington,VIC,Australia
66 Ellerman Street,Dimboola,VIC,Australia
20 George Street,Doncaster East,VIC,Australia
2-16 Camp Street,Donald,VIC,Australia
123 Church Road,Doncaster,VIC,Australia
South Road,Drouin,VIC,Australia
1-3 Reserve Street,Eaglehawk,VIC,Australia
30-60 Withers Way,Eltham,VIC,Australia
101 Glenhuntly Road,Elwood,VIC,Australia
Mcdonalds Road,Epping,VIC,Australia
26 Campbell St,Euroa,VIC,Australia
330 Scoresby Road,Knoxfield,VIC,Australia
Ellis Street,Bendigo,VIC,Australia
477 Graham Street,Port Melbourne,VIC,Australia
1 Kinnear Street,Footscray,VIC,Australia
2-10 Pioneer Street,Foster,VIC,Australia
97 Foot Street,Frankston,VIC,Australia
385 Ryrie Street,East Geelong,VIC,Australia
86-132 Separation Street,North Geelong,VIC,Australia
95 Melton Road,Gisborne,VIC,Australia
14 - 36 Taylor Drive,Gladstone Park,VIC,Australia
53 Balmoral Avenue,Bundoora,VIC,Australia
31-71 Hawdon Street,Shepparton,VIC,Australia
215 High Street,Hastings,VIC,Australia
10 Camerons Road,Healesville,VIC,Australia
Gorrie Street,Heywood,VIC,Australia
Capital Avenue,Glen Waverley,VIC,Australia
Murray St,Kerang,VIC,Australia
405 Racecourse Rd,Kensington,VIC,Australia
1393 Burke Road,Kew East,VIC,Australia
615 Elgar Road,Mont Albert North,VIC,Australia
Rossiter Road,Koo Wee Rup,VIC,Australia
125 Jumbunna Road,Korumburra,VIC,Australia
57 Fischer Street,Kyabram,VIC,Australia
1-9 Epping Street,Kyneton,VIC,Australia
118 David Street,Lalor,VIC,Australia
114 Childs Road,Epping,VIC,Australia
25 Melba Avenue,Lilydale,VIC,Australia
15 Grove Road,Lorne,VIC,Australia
14 Halton Road,Dandenong North,VIC,Australia
7 Gleadell Street,Richmond,VIC,Australia
Bill Cane Court,Maffra,VIC,Australia
15 View Street,Mansfield,VIC,Australia
Gordon Strret,Maribyrnong,VIC,Australia
2 Little Ryrie Street,Geelong,VIC,Australia
Forrest Hill,South Yarra,VIC,Australia
Coburns Road,Melton,VIC,Australia
Cnr Balcombe & Charman Rds,Mentone,VIC,Australia
307-339 Deakin Avenue,Mildura,VIC,Australia
Castle Street,Mirboo North,VIC,Australia
146-148 David Hill Road,Monbulk,VIC,Australia
Para Road,Montmorency,VIC,Australia
186 Manchester Road,Mooroolbark,VIC,Australia
1 Station Street,Mordialloc,VIC,Australia
Tailrace Road,Mount Beauty,VIC,Australia
204 Canadian Bay Road,Mount Eliza,VIC,Australia
9 Lechte Road,Mount Waverley,VIC,Australia
291a Mckinnon Road,Mckinnon,VIC,Australia
350-370 Kings Way,Melbourne,VIC,Australia
41 Chapel Street,Nathalia,VIC,Australia
20 Neerim East Road,Neerim South,VIC,Australia
81 - 85 Bellarine Highway,Newcomb,VIC,Australia
St Georges Road,Northcote,VIC,Australia
9 Byron Street,Ringwood,VIC,Australia
104 Tocumwal Road,Numurkah,VIC,Australia
163 Batten Road,Armstrong Creek,VIC,Australia
20 Arnold Street,Orbost,VIC,Australia
1-35 Fuller Street,Ouyen,VIC,Australia
1020 Princes Highway,Pakenham,VIC,Australia
133 Henry Road,Pakenham,VIC,Australia
Warren Road,Mordialloc,VIC,Australia
Lake Avenue,Pascoe Vale,VIC,Australia
138 High Street,Windsor,VIC,Australia
2-16 Cooma Street,Preston,VIC,Australia
47 Arnold Street,Princes Hill,VIC,Australia
9 Coaching Parade,Point Cook,VIC,Australia
Peninsula Drive,Drysdale,VIC,Australia
17 Albert Street,Rainbow,VIC,Australia
55 Fitzroy Avenue,Red Cliffs,VIC,Australia
Bedford Road,Ringwood,VIC,Australia
4 Griffiths Street,Richmond,VIC,Australia
88 George Street,Robinvale,VIC,Australia
26 Edward Street,Rochester,VIC,Australia
245 Eastbourne Road,Rosebud,VIC,Australia
264 Rubicon Road,Thornton,VIC,Australia
40 Sheridans Bridge Road,Rutherglen,VIC,Australia
15 Kirra Place,Point Cook,VIC,Australia
Cavell Street,Scoresby,VIC,Australia
289 Main Road East,St Albans,VIC,Australia
Smith Street,St Arnaud,VIC,Australia
319 Balaclava Road,Caulfield North,VIC,Australia
400 Pascoe Vale Road,Strathmore,VIC,Australia
30 Racecourse Road,Sunbury,VIC,Australia
350 Sydney Road,Brunswick,VIC,Australia
145 Towong Street,Tallangatta,VIC,Australia
80-96 Main Street,Thomastown,VIC,Australia
70-80 School Road,Trafalgar,VIC,Australia
60 Elmhurst Road,Truganina,VIC,Australia
77 Story Street,Parkville,VIC,Australia
60-70 Donald Cameron Drive,Roxburgh Park,VIC,Australia
81-89 Little Yarra Road,Yarra Junction,VIC,Australia
1451 Burwood Highway,Upwey,VIC,Australia
27 - 63 Morack Road,Vermont,VIC,Australia
68 Bemersyde Drive,Berwick,VIC,Australia
263 McCormicks Road,Carrum Downs,VIC,Australia
17-49 Edwards Street,Wangaratta,VIC,Australia
2 Glencairn Drive,Greenvale,VIC,Australia
90 Harold Street,Wantirna,VIC,Australia
1 Tregear Street,Warracknabeal,VIC,Australia
241-247 Heidelberg-Warrandyte Rd,Warrandyte,VIC,Australia
91 Police Road,Mulgrave,VIC,Australia
45 Duncans Road,Werribee,VIC,Australia
90 Mckean Street,Bairnsdale,VIC,Australia
88-128 Rosebank Avenue,Clayton South,VIC,Australia
2-28 Raphael Drive,Wheelers Hill,VIC,Australia
76 Pasco Street,Williamstown,VIC,Australia
80 Brockley Street,Wodonga,VIC,Australia
86 James Street,Yarram,VIC,Australia
1 Fussell Street,Ballarat East,VIC,Australia
67 Racecourse Rd,Yea,VIC,Australia
76 Booran Road,Caulfield East,VIC,Australia
102 Hothlyn Drive,Craigieburn,VIC,Australia
425 Belgrave-gembrook Rd,Emerald,VIC,Australia
855 Plenty Road,Reservoir,VIC,Australia
58 - 96 Fordholm Road,Hampton Park,VIC,Australia
2 Fraser Street,Hoppers Crossing,VIC,Australia
100-110 Odessa Avenue,Keilor Downs,VIC,Australia
Bridle Road,Morwell,VIC,Australia
10 Kurunjang Drive,Kurunjang,VIC,Australia
1-11 North Street,Lakes Entrance,VIC,Australia
80 Warrandyte Road,Langwarrin,VIC,Australia
148-174 Mitchells Lane,Sunbury,VIC,Australia
178-180 Mahoneys Road,Burwood East,VIC,Australia
78 - 98 Eel Race Road,Seaford,VIC,Australia
Wallowa Road,Eltham North,VIC,Australia
79-97 Patrick Street,Stawell,VIC,Australia
17 Paratea Drive,Rowville,VIC,Australia
2 McKenzie Street,Wonthaggi,VIC,Australia
11 Holloway Road,Sandringham,VIC,Australia
24-30 Falconer Street,Fitzroy North,VIC,Australia
50 Vannam Drive,Ashwood,VIC,Australia
456 Springfield Road,Mitcham,VIC,Australia
115 Nerrena Road,Leongatha,VIC,Australia
165-179 Main Hurstbridge Road,Diamond Creek,VIC,Australia
120 Eley Road,Burwood East,VIC,Australia
19 Cambridge Street,Collingwood,VIC,Australia
21-35 Thomas Street,Noble Park,VIC,Australia
Nell  Street,Greensborough,VIC,Australia
4-30 Barkly Street,Ararat,VIC,Australia
9 - 25 Moorhead Drive,Mill Park,VIC,Australia
73 Grant Street,Bacchus Marsh,VIC,Australia
30 Deloraine Drive,Hoppers Crossing,VIC,Australia
70 City Vista Court,Fraser Rise,VIC,Australia
1-39 Parmelia Drive,Taylors Lakes,VIC,Australia
25A Lachlan Road,Sunshine West,VIC,Australia
100 Duke Street,Wallan,VIC,Australia
238 Collins Street,Thornbury,VIC,Australia
170 Must Street,Portland,VIC,Australia
Goldsmith Avenue,Delahey,VIC,Australia
29-69 Kororoit Creek Road,Williamstown,VIC,Australia
Bakers Road,Oakleigh South,VIC,Australia
10 - 32 Pye Street,Swan Hill,VIC,Australia
154-184 Grey Street,Traralgon,VIC,Australia
1051 Nepean Highway,Mornington,VIC,Australia
Quinn Grove,Keilor East,VIC,Australia
47 Dawson Street,Brunswick,VIC,Australia
13-21 O'Sullivan Road,Glen Waverley,VIC,Australia
Silvertop Street,Frankston North,VIC,Australia
Grafton Road,Warrnambool,VIC,Australia
1 Warren Road,Viewbank,VIC,Australia
3 Callaghan Street,Noble Park,VIC,Australia
59 Mt Baimbridge Rd,Hamilton,VIC,Australia
16 Reay Road,Mooroolbark,VIC,Australia
Waters Grove,Heathmont,VIC,Australia
310 Baillie Street,Horsham,VIC,Australia
Yarra Boulevard,Richmond,VIC,Australia
37-61 Vines Road,Hamlyn Heights,VIC,Australia
72-96 Newark Avenue,Newborough,VIC,Australia
7 Cypress Avenue,Templestowe Lower,VIC,Australia
Blakeley Rd,Castlemaine,VIC,Australia
55 Burke Street,Warragul,VIC,Australia
453-457 Forest Street,Wendouree,VIC,Australia
33 - 49 Davies Street,Charlton,VIC,Australia
7-21 McKenzie Crescent,Wycheproof,VIC,Australia
43-47 Campbell Street,Birchip,VIC,Australia
Whitehead Avenue,Nhill,VIC,Australia
73-81 Macalister Street,Sale,VIC,Australia
31 Belar Avenue,Frankston,VIC,Australia
Great Alpine Road,Dinner Plain,VIC,Australia
46 South Road,Braybrook,VIC,Australia
Amberly Park Drive,Narre Warren South,VIC,Australia
34 Alkara Avenue,Lara,VIC,Australia
2 Farmers Street,Kaniva,VIC,Australia
27-45 Towong Road,Corryong,VIC,Australia
102 - 192 Balaclava Road,Maryborough,VIC,Australia
80 Jardier Terrace,South Morang,VIC,Australia
Cnr Boardwalk Blvd & Bergamot,Point Cook,VIC,Australia
2-50 Minindee Road,Wyndham Vale,VIC,Australia
101 Urquhart Street,Coburg,VIC,Australia
22-24 Mitchell Street,Wodonga,VIC,Australia
2-30 Hampton Street,Craigieburn,VIC,Australia
861 Leakes Road,Tarneit,VIC,Australia
20 - 50 Butcher Street,Echuca,VIC,Australia
39 Innovation Walk,Clayton,VIC,Australia
103 A Grieve Parade,Altona,VIC,Australia
92-106 Princes Highway,Dandenong,VIC,Australia
6 Mckenzie Street,Wonthaggi,VIC,Australia
91 Bladin Street,Laverton,VIC,Australia
60-78 Tanderrum Way,Broadmeadows,VIC,Australia
173 Queen Street,Colac,VIC,Australia
Sir Gustav Nossal Boulevard,Berwick,VIC,Australia
225 Hoppers Lane,Werribee,VIC,Australia
8-20 Janine Road,Springvale South,VIC,Australia
74-84 Frawley Road,Hallam,VIC,Australia
58 Reema Boulevard,Endeavour Hills,VIC,Australia
45 Josephine Avenue,Narre Warren,VIC,Australia
1831 Harrow Balmoral Road,Balmoral,VIC,Australia
Prince Street,Myrtleford,VIC,Australia
15 Nurture Avenue,Cranbourne North,VIC,Australia
37 Graf Road,Somerville,VIC,Australia
51-71 Hummingbird Boulevard,Tarneit,VIC,Australia
9 - 27 Malone Street,Boort,VIC,Australia
2-24 Pinniger Street,Yarrawonga,VIC,Australia
29-47 Stewart Street,Seymour,VIC,Australia
188-206 Commercial Street,Merbein,VIC,Australia
83 Danks Street,Albert Park,VIC,Australia
235 Kingsbury Drive,Macleod West,VIC,Australia
43 Ken Jordan Road,Cairnlea,VIC,Australia
6840 Great Alpine Road,Swifts Creek,VIC,Australia
120 Glenroy Road,Glenroy,VIC,Australia
51 Jukes Road,Fawkner,VIC,Australia
60 Merrilands Road,Reservoir,VIC,Australia
70 Breadalbane Avenue,Mernda,VIC,Australia
50 Stately Drive,Cranbourne East,VIC,Australia
281 Boardwalk Boulevard,Point Cook,VIC,Australia
53 - 71 Hertford Street,Sebastopol,VIC,Australia
3-25 Goldsworthy Road,Corio,VIC,Australia
75 White Street,Torquay,VIC,Australia
1 Dodgshun Street,Hopetoun,VIC,Australia
62 Tristania Street,Doveton,VIC,Australia
1 Parker Street,Officer,VIC,Australia
13 -16 Federation Way,Caroline Springs,VIC,Australia
9 The Crossing,Caroline Springs,VIC,Australia
College Street,Caroline Springs,VIC,Australia
22-50 Becca Way,Caroline Springs,VIC,Australia
20 Brentnall Road,Croydon,VIC,Australia
35-37 Albert Avenue,Boronia,VIC,Australia
21-23 Brinbrook Street,Tarneit,VIC,Australia
20 Faithfull Street,Benalla,VIC,Australia
900-930 Park Street,Parkville,VIC,Australia
669 Chapel Street,South Yarra,VIC,Australia
577 St Kilda Road,MELBOURNE,VIC,Australia
10 - 16 Ranfurlie Crescent,GLEN IRIS,VIC,Australia
1436 Plenty Road,BUNDOORA,VIC,Australia
273 Victoria Street,WEST MELBOURNE,VIC,Australia
11 Westbury Street,ST KILDA EAST,VIC,Australia
1431 Sturt Street,BALLARAT,VIC,Australia
119 Drummond Street South,BALLARAT,VIC,Australia
106-108 Victoria Street,BALLARAT EAST,VIC,Australia
140 Botanic Road,WARRNAMBOOL,VIC,Australia
1600 Sturt Street,BALLARAT,VIC,Australia
39 Malcolm Street,MANSFIELD,VIC,Australia
20 Newcastle St,NEWPORT,VIC,Australia
118 Cecil Street,WILLIAMSTOWN,VIC,Australia
12 Selbourne Road,KEW,VIC,Australia
217 Glen Eira Road,ST KILDA EAST,VIC,Australia
8-14 Brougham Street,NORTH MELBOURNE,VIC,Australia
Ovens Street,WANGARATTA,VIC,Australia
214 Dandenong Road,ST KILDA EAST,VIC,Australia
Sutherland Street,KILMORE,VIC,Australia
103 Wellington Street,FLEMINGTON,VIC,Australia
164 Barkly Street,BENDIGO,VIC,Australia
21 Kars Street,MARYBOROUGH,VIC,Australia
58 Burke Street,MARYBOROUGH,VIC,Australia
5 Hope Avenue,BAIRNSDALE,VIC,Australia
800 Ripon Street South,REDAN,VIC,Australia
571 Glenferrie Road,HAWTHORN,VIC,Australia
172 Burke Road,GLEN IRIS,VIC,Australia
39 James Street,NORTHCOTE,VIC,Australia
1 Clifton Grove,PRESTON,VIC,Australia
4 Wilson Street,MORWELL,VIC,Australia
Church Street,TRARALGON,VIC,Australia
143 - 149 Knight Street,SHEPPARTON,VIC,Australia
90 High Street,SEYMOUR,VIC,Australia
134 Woods Street,DONALD,VIC,Australia
11 Pearson Street,SALE,VIC,Australia
1 Conway Street,KILMORE,VIC,Australia
96 Inglis Street,BALLAN,VIC,Australia
1564 Old Melbourne Road,GORDON,VIC,Australia
2 Raglan Street,LANCEFIELD,VIC,Australia
119 Napier Street,CRESWICK,VIC,Australia
7901 Hamilton Highway,TARRINGTON,VIC,Australia
91 High Street,KANGAROO FLAT,VIC,Australia
17 Wedge Street,BENALLA,VIC,Australia
1 Ti Tree Road,DUNNSTOWN,VIC,Australia
Retreat Road,NEWTOWN,VIC,Australia
Wattle Street,ST ARNAUD,VIC,Australia
154 Twelfth Street,MILDURA,VIC,Australia
80 Martin Street,BRIGHTON,VIC,Australia
6 St James Close,BRIGHTON,VIC,Australia
842 Centre Road,BENTLEIGH EAST,VIC,Australia
207 Barkers Road,KEW,VIC,Australia
379 Eaglehawk Road,EAGLEHAWK,VIC,Australia
1412 Geelong Road,MOUNT CLEAR,VIC,Australia
1425 Sturt Street,BALLARAT,VIC,Australia
84 Templeton Street,CASTLEMAINE,VIC,Australia
94 High Street,KYNETON,VIC,Australia
14-18 Templeton Street,WOODEND,VIC,Australia
Watson Street,CHARLTON,VIC,Australia
69-75 Hogan Street,TATURA,VIC,Australia
677 Punt Road,SOUTH YARRA,VIC,Australia
562 Sydney Road,COBURG,VIC,Australia
110 Greaves Street North,WERRIBEE,VIC,Australia
68 Aitken Street,GISBORNE,VIC,Australia
53 Macedon Street,SUNBURY,VIC,Australia
142 North Road,CHILTERN,VIC,Australia
High Street,RUTHERGLEN,VIC,Australia
87 Southey Street,INGLEWOOD,VIC,Australia
36 Arundel Street,BENALLA,VIC,Australia
79 Balwyn Road,BALWYN,VIC,Australia
136 Princes Highway,PAKENHAM,VIC,Australia
38 Huntingtower Road,ARMADALE,VIC,Australia
62 Orr Street,YARRAWONGA,VIC,Australia
135 Barkers Road,KEW,VIC,Australia
11 Martin Street,PENSHURST,VIC,Australia
304 Barkly Street,ARARAT,VIC,Australia
39 Robertson Street,CASTERTON,VIC,Australia
Gisborne Road,BACCHUS MARSH,VIC,Australia
20 Queen Street,KOROIT,VIC,Australia
50 Biddlecombe Avenue,CORIO,VIC,Australia
40 Charles Street,KEW,VIC,Australia
88 Nicholson Street,FITZROY,VIC,Australia
107 King William Street,FITZROY,VIC,Australia
120 Anderson Street,LILYDALE,VIC,Australia
2 Wingfield Street,FOOTSCRAY,VIC,Australia
65 Somerville Road,YARRAVILLE,VIC,Australia
7 McLachlan Street,HORSHAM,VIC,Australia
119 Hart Street,COLAC,VIC,Australia
Calvert Street,COLAC,VIC,Australia
118 Mentone Parade,MENTONE,VIC,Australia
62 Oakbank Road,MORNINGTON,VIC,Australia
86 Anderson Street,SOUTH YARRA,VIC,Australia
Talbot Street,NEWTOWN,VIC,Australia
139 Knight Street,SHEPPARTON,VIC,Australia
Piper Street,YARRAWONGA,VIC,Australia
77 Queens Parade,CLIFTON HILL,VIC,Australia
16 Tocumwal Road,NUMURKAH,VIC,Australia
70 Botanic Road,WARRNAMBOOL,VIC,Australia
119 Bentinck St,PORTLAND,VIC,Australia
27 Peninsula Drive,DRYSDALE,VIC,Australia
66-68 Little Myers Street,GEELONG,VIC,Australia
11-21 Petrel Street,GEELONG WEST,VIC,Australia
141 Burwood Highway,BURWOOD,VIC,Australia
20 Robinson Street,MOONEE PONDS,VIC,Australia
40 Jones Street,LILYDALE,VIC,Australia
19 Diamond Street,ELTHAM,VIC,Australia
46 Otter Street,COLLINGWOOD,VIC,Australia
2-8 Campbell Street,WARRACKNABEAL,VIC,Australia
15-33 Bridlington Ave,ECHUCA,VIC,Australia
116 Cotham Road,KEW,VIC,Australia
Moore Street,ARARAT,VIC,Australia
21 Dickson Street,ECHUCA,VIC,Australia
9-11 William Street,PORT FAIRY,VIC,Australia
Campaspe Street,ROCHESTER,VIC,Australia
31 Curran Street,NORTH MELBOURNE,VIC,Australia
185 Must Street,PORTLAND,VIC,Australia
51-53 Desailly Street,SALE,VIC,Australia
Church Street,KYABRAM,VIC,Australia
311 Mont Albert Road,SURREY HILLS,VIC,Australia
32 Jeffrey Street,ELMORE,VIC,Australia
6 Priory Lane,BEECHWORTH,VIC,Australia
67 Read Street,COLERAINE,VIC,Australia
Henderson Street,CAMPERDOWN,VIC,Australia
Dimora Avenue,CAMPERDOWN,VIC,Australia
2 Leslie Road,ESSENDON,VIC,Australia
29 Smith Street,DAYLESFORD,VIC,Australia
Hillier Lane,HAMILTON,VIC,Australia
Havelock Street,BENDIGO,VIC,Australia
301 Cotham Road,KEW,VIC,Australia
Osburn Street,WODONGA,VIC,Australia
55 Patrick Street,STAWELL,VIC,Australia
25 - 27 Chapel Street,ST KILDA,VIC,Australia
16 Childers Street,MENTONE,VIC,Australia
1 Lyons Street,TERANG,VIC,Australia
167 Burke Street,WARRAGUL,VIC,Australia
Gladstone Street,QUARRY HILL,VIC,Australia
51 Outer Crescent,BRIGHTON,VIC,Australia
55 Cape Street,HEIDELBERG,VIC,Australia
52 Cape Street,HEIDELBERG,VIC,Australia
185 Hope Street,BRUNSWICK WEST,VIC,Australia
129 Albert Street,MORDIALLOC,VIC,Australia
306 Howard Street,BALLARAT NORTH,VIC,Australia
201 Forest Street,WENDOUREE,VIC,Australia
26 Miller Street,BRUNSWICK EAST,VIC,Australia
172 Neerim Road,GLEN HUNTLY,VIC,Australia
20-24 New Street,DANDENONG,VIC,Australia
11 Fernhill Road Nth,SANDRINGHAM,VIC,Australia
94 Korumburra Road,WONTHAGGI,VIC,Australia
74 Roseberry Street,ASCOT VALE,VIC,Australia
Nolan Street,KERANG,VIC,Australia
1318 High Street,MALVERN,VIC,Australia
47-49 Mitchell Street,BRUNSWICK NORTH,VIC,Australia
1 Chaucer Street,HAMILTON,VIC,Australia
Fortune Street,BALLARAT EAST,VIC,Australia
33-35 Ogilvy Street,LEONGATHA,VIC,Australia
1-3 Bridge Street,KORUMBURRA,VIC,Australia
67 The Strand,NEWPORT,VIC,Australia
The Ridgeway,IVANHOE,VIC,Australia
1 High Street,HEALESVILLE,VIC,Australia
60 Nar Nar Goon Road,NAR NAR GOON,VIC,Australia
1 Morrison Street,HAWTHORN,VIC,Australia
91 Manning Road,MALVERN EAST,VIC,Australia
163 South Rd,BRIGHTON EAST,VIC,Australia
37 Gower Street,KENSINGTON,VIC,Australia
34 Stevens Street,QUEENSCLIFF,VIC,Australia
52 Austin Street,ALPHINGTON,VIC,Australia
49 Stanhope Street,MALVERN,VIC,Australia
5 Buckley Street,YARRAM,VIC,Australia
556 Napier Street,WHITE HILLS,VIC,Australia
24 Glenhuntly Road,ELWOOD,VIC,Australia
43-47 Edgecombe Street,KYNETON,VIC,Australia
90 Alexandra Road,RINGWOOD EAST,VIC,Australia
2 Murlong Street,SWAN HILL,VIC,Australia
73 Old Mornington Road,MT ELIZA,VIC,Australia
69 Marine Parade,HASTINGS,VIC,Australia
727 Corangamite Lake Road,CORAGULAC,VIC,Australia
32 Station Place,SUNSHINE,VIC,Australia
2 Mansfield Street,THORNBURY,VIC,Australia
263 Russell Street,DENNINGTON,VIC,Australia
17 Heyington Place,TOORAK,VIC,Australia
17 Leslie Road,ESSENDON,VIC,Australia
97 Robinson Street,HORSHAM,VIC,Australia
30 Dendy Street,BRIGHTON,VIC,Australia
37 Anderson Street,EUROA,VIC,Australia
163 Rachelle Road,KEILOR EAST,VIC,Australia
34 Essex Street,FOOTSCRAY,VIC,Australia
1-25 Broadway Street,COBRAM,VIC,Australia
3 Hood Crescent,CAULFIELD,VIC,Australia
9 Rockbeare Grove,IVANHOE,VIC,Australia
367 High Street,NAGAMBIE,VIC,Australia
7 Wynnstay Road,PRAHRAN EAST,VIC,Australia
4-8 Raymond Street,ORBOST,VIC,Australia
63 Venice Street,MENTONE,VIC,Australia
123 Marshall St,IVANHOE,VIC,Australia
43 O'Donnell Avenue,MYRTLEFORD,VIC,Australia
349 Barkers Road,KEW,VIC,Australia
2 Leila Road,ORMOND,VIC,Australia
855 Springvale Rd,KEYSBOROUGH,VIC,Australia
25-31 Edward Street,ESSENDON,VIC,Australia
5 The Parade,YEA,VIC,Australia
12 Whitehorse Rd,DEEPDENE,VIC,Australia
34 Scott Street,CANTERBURY,VIC,Australia
11 Mentone Parade,MENTONE,VIC,Australia
362 Station Street,CHELSEA,VIC,Australia
417 York Street,SALE,VIC,Australia
90 Centre Road,BRIGHTON EAST,VIC,Australia
10 Mandeville Crescent,TOORAK,VIC,Australia
145 Highfield Road,CAMBERWELL EAST,VIC,Australia
59 Holyrood Street,HAMPTON,VIC,Australia
18 Pohlman Street,HEATHCOTE,VIC,Australia
45-49 King Edward Street,COHUNA,VIC,Australia
55 Mont Albert Road,CANTERBURY,VIC,Australia
17 Martin Street,CRIB POINT,VIC,Australia
90 Outer Crescent,BRIGHTON,VIC,Australia
52 Saunders Street,MORELAND,VIC,Australia
77 Waimarie Drive,MT WAVERLEY,VIC,Australia
1087 Whitehorse Road,BOX HILL,VIC,Australia
95A Railway Street,ALTONA,VIC,Australia
1-13 Henry Street,ELTHAM,VIC,Australia
18 Box Street,MERBEIN,VIC,Australia
8 Park Street,FRANKSTON,VIC,Australia
1065 Whitehorse Road,BOX HILL,VIC,Australia
237 Spring Street,RESERVOIR,VIC,Australia
122 Jasper Road,BENTLEIGH,VIC,Australia
544 Balcombe Road,BLACK ROCK,VIC,Australia
1 Macedon Street,SUNBURY,VIC,Australia
2 Merrick Street,STRATFORD,VIC,Australia
355 Station Street,BOX HILL,VIC,Australia
58 Waterloo Road,TRAFALGAR,VIC,Australia
3 Dalny Road,MURRUMBEENA,VIC,Australia
Glenvale Road,GLEN IRIS,VIC,Australia
27-47 Gloucester Ave,BERWICK,VIC,Australia
2 Torrington Street,CANTERBURY,VIC,Australia
7-19 Beresford Street,KEW EAST,VIC,Australia
2 Wilana Street,RINGWOOD,VIC,Australia
90 Mayona Road,MONTMORENCY,VIC,Australia
Constitution Hill Road,SORRENTO,VIC,Australia
4 Van Ness Avenue,GLEN IRIS,VIC,Australia
28 Sandham Street,ELSTERNWICK,VIC,Australia
17 Fitzroy Avenue,RED CLIFFS,VIC,Australia
395 Barkers Road,KEW,VIC,Australia
32 Wedge Street,EPPING,VIC,Australia
50 Separation Street,NORTHCOTE,VIC,Australia
2 Mora Avenue,OAKLEIGH,VIC,Australia
118 Argyle Street,FAWKNER,VIC,Australia
17 Forest Road,FERNTREE GULLY,VIC,Australia
490 Whitehorse Road,MITCHAM,VIC,Australia
121-143 McLennan Street,MOOROOPNA,VIC,Australia
Cooper Street,PRESTON WEST,VIC,Australia
31 Moonga Road,TOORAK,VIC,Australia
Station Street,KOO WEE RUP,VIC,Australia
92 - 114 Woodland Street,STRATHMORE,VIC,Australia
135 Aphrasia Street,NEWTOWN,VIC,Australia
33 St John's Avenue,SPRINGVALE,VIC,Australia
2 Mentone Parade,MENTONE,VIC,Australia
12 Robb Street,PRESTON EAST,VIC,Australia
815 Riversdale Road,CAMBERWELL,VIC,Australia
36 Patterson Street,COBURG EAST,VIC,Australia
1-39 Landells Road,PASCOE VALE,VIC,Australia
380 Geelong Road,KINGSVILLE,VIC,Australia
13 Nicholas Street,NEWTOWN,VIC,Australia
41 Rosehill Road,ESSENDON,VIC,Australia
156 Park Road,DONVALE,VIC,Australia
268 High Street,ASHBURTON,VIC,Australia
131 Powells Road,CLARKES HILL,VIC,Australia
111 Jasper Road,BENTLEIGH,VIC,Australia
2 Marwal Avenue,BALWYN NORTH,VIC,Australia
10 Bosco Street,CHADSTONE,VIC,Australia
29 Leahy Street,NHILL,VIC,Australia
83 St Albans Road,GEELONG EAST,VIC,Australia
245 Burwood Highway,BURWOOD,VIC,Australia
Lloyd Street,MOE,VIC,Australia
160 Bulleen Road,BULLEEN,VIC,Australia
165 Burke Street,WARRAGUL,VIC,Australia
806-816 Cowra Ave,IRYMPLE,VIC,Australia
16 Drummartin Street,ALBION,VIC,Australia
53 Stanley Street,IVANHOE WEST,VIC,Australia
46 Dunlop Street,MORTLAKE,VIC,Australia
Peterson Street,HIGHETT,VIC,Australia
9 Centre Dandenong Road,CHELTENHAM,VIC,Australia
Laughlin Ave,NUNAWADING,VIC,Australia
50 Monastery Drive,CROYDON,VIC,Australia
34 Lake Street,EDENHOPE,VIC,Australia
333 Centre Road,NARRE WARREN SOUTH,VIC,Australia
Myrtle Street,ALEXANDRA,VIC,Australia
6 Aberfeldie Street,ESSENDON,VIC,Australia
10-12 King Street,ELSTERNWICK,VIC,Australia
197 Clarendon Street,THORNBURY EAST,VIC,Australia
2-4 Winifred Street,ST ALBANS,VIC,Australia
67 Central Road,BLACKBURN,VIC,Australia
5-7 Southam Street,RUSHWORTH,VIC,Australia
Davis Street,HEYFIELD,VIC,Australia
51 Plume Street,NORLANE,VIC,Australia
431 Waterdale Road,HEIDELBERG WEST,VIC,Australia
181 Hudsons Road,SPOTSWOOD,VIC,Australia
133 Ballarat Road,HAMILTON,VIC,Australia
15 Bambil Street,CHADSTONE,VIC,Australia
90 Buckley Street,NOBLE PARK,VIC,Australia
16 Mary Street,CLAYTON,VIC,Australia
33 Lascelles Street,HOPETOUN,VIC,Australia
88 Hotham Street,ST KILDA EAST,VIC,Australia
6 Teague Street,NIDDRIE,VIC,Australia
143-147 Separation Street,BELL PARK,VIC,Australia
83 Minerva Road,MANIFOLD HEIGHTS,VIC,Australia
210 Grimshaw Street,GREENSBOROUGH,VIC,Australia
67 Blanche Street,ARDEER,VIC,Australia
848 Ballarat Road,DEER PARK,VIC,Australia
28 Riley Court,BRAYBROOK,VIC,Australia
13-21 Widford Street,GLENROY,VIC,Australia
433 Springvale Road,SPRINGVALE,VIC,Australia
Links Street,SUNSHINE WEST,VIC,Australia
5 Victoria Street,PYRAMID HILL,VIC,Australia
225 Church Street,HERNE HILL,VIC,Australia
113 Oak Street,BEAUMARIS,VIC,Australia
27  Albion Street,KENNINGTON,VIC,Australia
2 Willey Street,SUNSHINE NORTH,VIC,Australia
260 Albert Street,SEBASTOPOL,VIC,Australia
131 Power Street,HAWTHORN,VIC,Australia
Olive Grove,MILDURA,VIC,Australia
14-20 Balaclava Road,ST KILDA EAST,VIC,Australia
67 The Esplanade,MARIBYRNONG,VIC,Australia
50-54 Monash Road,NEWBOROUGH,VIC,Australia
250 Stephensons Road,MOUNT WAVERLEY,VIC,Australia
71 Gladstone Road,DANDENONG NORTH,VIC,Australia
35 Hamilton Street,SHEPPARTON SOUTH,VIC,Australia
31 Erasmus Street,SURREY HILLS,VIC,Australia
14-28 Fletcher Street,MOORABBIN,VIC,Australia
113 Warrigal Road,HUGHESDALE,VIC,Australia
2 Rowell Street,MORWELL EAST,VIC,Australia
6-26 Horsham Road,DIMBOOLA,VIC,Australia
47 Hannon Street,SEA LAKE,VIC,Australia
40 Milners Road,YARRA JUNCTION,VIC,Australia
71 Whitelaw Street,RESERVOIR EAST,VIC,Australia
Golf Links Road,LAKES ENTRANCE,VIC,Australia
2-12 Silk Street,ROSANNA,VIC,Australia
Queen Elizabeth Drive,TALLANGATTA,VIC,Australia
43 Ferntree Gully Road,OAKLEIGH EAST,VIC,Australia
29 Fawkner Street,ABERFELDIE,VIC,Australia
5-11 Caroline Street,DANDENONG,VIC,Australia
20 Hope Avenue,BAIRNSDALE,VIC,Australia
12 Watkin Street,ROBINVALE,VIC,Australia
White Street,WANGARATTA,VIC,Australia
503 Springvale Road,VERMONT SOUTH,VIC,Australia
408 Camp Road,BROADMEADOWS,VIC,Australia
Mangan Street,TONGALA,VIC,Australia
36 Sweyn Street,BALWYN NORTH,VIC,Australia
349 Springvale Road,GLEN WAVERLEY,VIC,Australia
4-8 Starling Street,BENNETTSWOOD,VIC,Australia
2-16 Doon Avenue,GLEN WAVERLEY,VIC,Australia
Brisbane Terrace,PARKDALE EAST,VIC,Australia
16 Beverley Street,DONCASTER EAST,VIC,Australia
Chapel Street,NATHALIA,VIC,Australia
100 Power Road,DOVETON,VIC,Australia
46 Great Ryrie Street,RINGWOOD,VIC,Australia
2 Nagle Avenue,ELSTERNWICK,VIC,Australia
20 Wooralla Drive,MT ELIZA,VIC,Australia
95 William Street,FAWKNER NORTH,VIC,Australia
23 Police Road,MULGRAVE,VIC,Australia
1A David Street,LALOR,VIC,Australia
626 Pascoe Vale Road,OAK PARK,VIC,Australia
33 Aberdeen Street,GEELONG,VIC,Australia
Reynold's Lane,BELGRAVE,VIC,Australia
32-34 Hoddle Street,WARRNAMBOOL WEST,VIC,Australia
34 Roberts Road,AIRPORT WEST,VIC,Australia
125 Hart Street,ELIMINYT,VIC,Australia
25 Gipson Street,DIAMOND CREEK,VIC,Australia
16 Scanlan Street,BERWICK,VIC,Australia
14-22 Vida Street,ABERFELDIE,VIC,Australia
429 Auburn Road,HAWTHORN EAST,VIC,Australia
11-13 Green Avenue,KINGSBURY,VIC,Australia
46 Orchard Grove,BLACKBURN SOUTH,VIC,Australia
2-14 Williams Road,WANGARATTA,VIC,Australia
15 Munro Street,MURTOA,VIC,Australia
Plymouth Rd,CROYDON HILLS,VIC,Australia
196 Glengala Road,SUNSHINE WEST,VIC,Australia
133 Maidstone Street,ALTONA,VIC,Australia
480A Gillies Street,WENDOUREE,VIC,Australia
9 Egan Drive,BULLEEN,VIC,Australia
212 Boronia Road,BORONIA,VIC,Australia
111-115 Hansen Street,CORRYONG,VIC,Australia
28 Bayview Road,BELGRAVE,VIC,Australia
23 Orange Grove,BAYSWATER,VIC,Australia
5 Brenock Park Drive,FERNTREE GULLY,VIC,Australia
3 Brenbeal Street,BALWYN,VIC,Australia
4-14 Nolan Avenue,BROOKLYN,VIC,Australia
37 Dolphin Street,ASPENDALE,VIC,Australia
30 Angus Street,HADFIELD,VIC,Australia
35 Charles Street,MOUNT WAVERLEY,VIC,Australia
60 Junction Road,BLACKBURN NORTH,VIC,Australia
227 Blair Street,DALLAS,VIC,Australia
423 Blackshaws Road,ALTONA NORTH,VIC,Australia
Reay Road,MOOROOLBARK,VIC,Australia
5 Settlement Road,BUNDOORA,VIC,Australia
400 Dalton Road,EPPING,VIC,Australia
Kalinda Road,RINGWOOD,VIC,Australia
79 Wilsons Road,NEWCOMB,VIC,Australia
760 Sydney Road,COBURG,VIC,Australia
21 Stevens Road,VERMONT,VIC,Australia
4-12 Duke Street,MAFFRA,VIC,Australia
97 Bungower Road,MORNINGTON,VIC,Australia
Jayne Street,FRANKSTON EAST,VIC,Australia
10A Riddell Road,WANTIRNA SOUTH,VIC,Australia
165 Mc Mahons Road,FRANKSTON,VIC,Australia
86-94 Austin Road,SEAFORD,VIC,Australia
Kernot Ave,MULGRAVE,VIC,Australia
158 Military Road,AVONDALE HEIGHTS,VIC,Australia
396 Manningham Road,DONCASTER,VIC,Australia
104-108 Reema Boulevard,ENDEAVOUR HILLS,VIC,Australia
26-44 Herlihys Road,TEMPLESTOWE LOWER,VIC,Australia
51 Centre Road,VERMONT,VIC,Australia
30 Academy Avenue,WHEELERS HILL,VIC,Australia
1 Russell Street,WERRIBEE,VIC,Australia
Guthridge Parade,SALE,VIC,Australia
389 Mason Street,ALTONA NORTH,VIC,Australia
2A Parkside Avenue,KEILOR EAST,VIC,Australia
28 Selby Road,WARRNAMBOOL EAST,VIC,Australia
11-49 Prince Street,MYRTLEFORD,VIC,Australia
13-25 Bellin Street,LAVERTON,VIC,Australia
53 George Street,SCORESBY,VIC,Australia
137 Brockley Street,WODONGA WEST,VIC,Australia
135 York Road,MOUNT EVELYN,VIC,Australia
213 Wonga Road,WARRANWOOD,VIC,Australia
Fenton Street,BENDIGO NORTH,VIC,Australia
4 - 6 Dimar Crt,DINGLEY,VIC,Australia
90 Darling Road,MALVERN EAST,VIC,Australia
161 Central Rd,NUNAWADING,VIC,Australia
1660 Main Road,RESEARCH,VIC,Australia
1A Oleander Drive,ST ALBANS SOUTH,VIC,Australia
Fourteenth Street,MILDURA,VIC,Australia
10 Laceys Road,COTTLES BRIDGE,VIC,Australia
16-38 Guinane Avenue,HOPPERS CROSSING,VIC,Australia
155 Tindals Road,DONVALE,VIC,Australia
43 Harrison Street,BOX HILL NORTH,VIC,Australia
11 Sinclair St,ELSTERNWICK,VIC,Australia
Regal Avenue,THOMASTOWN EAST,VIC,Australia
1499 Mt Macedon Rd,WOODEND,VIC,Australia
88 South Circular Road,GLADSTONE PARK,VIC,Australia
Scott Street,CRANBOURNE,VIC,Australia
402 Corrigan Road,KEYSBOROUGH,VIC,Australia
Church Street,MELTON,VIC,Australia
143 Bacchus Marsh Road,CORIO,VIC,Australia
450 Taylors Road,TAYLORS HILL,VIC,Australia
583 Ferntree Gully Road,GLEN WAVERLEY,VIC,Australia
College Street,WANGARATTA,VIC,Australia
120 Oban Road,RINGWOOD NORTH,VIC,Australia
35 Williams Avenue,CHURCHILL,VIC,Australia
765 Highbury Road,VERMONT SOUTH,VIC,Australia
Harbard Street,THOMASTOWN WEST,VIC,Australia
2 Mackay St,NHILL,VIC,Australia
16-24  Stewarts Lane,SUNBURY,VIC,Australia
77 Carbine Street,DONVALE,VIC,Australia
30 Warrandyte Road,LANGWARRIN,VIC,Australia
230-240 Sunshine Avenue,KEALBA,VIC,Australia
111 Bakers Road,DANDENONG NORTH,VIC,Australia
79 Wilson Boulevard,RESERVOIR NORTH,VIC,Australia
51 Gum Road,KINGS PARK,VIC,Australia
10 Theodore Street,ST ALBANS,VIC,Australia
4 Beaconsfield Avenue,BEACONSFIELD,VIC,Australia
Trinity Drive,HORSHAM,VIC,Australia
315 Aqueduct Rd,ST HELENA,VIC,Australia
1248 High Street Road,WANTIRNA SOUTH,VIC,Australia
517-519 Orrong Road,ARMADALE,VIC,Australia
300 Sayers Rd,TRUGANINA,VIC,Australia
14-16 Griffith Street,GROVEDALE,VIC,Australia
Augustine's Way,KEILOR,VIC,Australia
Wilson Road,MELTON SOUTH,VIC,Australia
251 Diamond Creek Road,GREENSBOROUGH NORTH,VIC,Australia
25 Stokes Road,WANTIRNA,VIC,Australia
2A Killeen Street,SUNSHINE SOUTH WEST,VIC,Australia
31 McLeans Rd,BUNDOORA,VIC,Australia
1 Blanch Street,PRESTON,VIC,Australia
53-57 Plymouth Rd,CROYDON HILLS,VIC,Australia
15 - 49 Old Melbourne Rd,CHIRNSIDE PARK,VIC,Australia
89 Main Rd,CAMPBELLS CREEK,VIC,Australia
105 Creamery Road,BELL POST HILL,VIC,Australia
325 Macclesfield Road,MONBULK,VIC,Australia
1 Bowman Court,WODONGA,VIC,Australia
204 Churchill Avenue,BRAYBROOK,VIC,Australia
Cuthbert's Road,ALFREDTON,VIC,Australia
58 Clegg Road,MOUNT EVELYN,VIC,Australia
60 Knees Road,PARK ORCHARDS,VIC,Australia
30-50 Rangeview Drive,TRARALGON WEST,VIC,Australia
169-171 Craigieburn Road West,CRAIGIEBURN,VIC,Australia
80 Golf Links Road,FRANKSTON SOUTH,VIC,Australia
290-312 Childs Road,MILL PARK,VIC,Australia
325 Grimshaw Street,WATSONIA,VIC,Australia
109-141 Bulman's Road,MELTON,VIC,Australia
1770 Phillip Island Road,RHYLL,VIC,Australia
43-55 Trangmar Street,PORTLAND,VIC,Australia
18 Burdekin Road,HIGHTON,VIC,Australia
197-199 Cardigan Road,MOOROOLBARK,VIC,Australia
597 Brunswick Street,FITZROY NORTH,VIC,Australia
9 William Hovell Drive,ENDEAVOUR HILLS,VIC,Australia
96 Bunney Road,CLAYTON SOUTH,VIC,Australia
313 Canadian Bay Road,MOUNT ELIZA,VIC,Australia
Chapel Street,NATHALIA,VIC,Australia
91 Creek Street,BENDIGO,VIC,Australia
297 Mount Napier Road,HAMILTON,VIC,Australia
840 Yan Yean Road,DOREEN,VIC,Australia
330 Derrimut Road,HOPPERS CROSSING NORTH,VIC,Australia
2 Taylors Lane,ROWVILLE,VIC,Australia
62 Everingham Road,ALTONA MEADOWS,VIC,Australia
496 Princes Highway,NARRE WARREN,VIC,Australia
13-29 John Dory Drive,OCEAN GROVE,VIC,Australia
380 Sydenham Road,SYDENHAM,VIC,Australia
Santa Monica Drive,KEILOR NORTH,VIC,Australia
9-13 Holloway Road,CROYDON NORTH,VIC,Australia
120-128 Robinsons Road,LANGWARRIN SOUTH,VIC,Australia
84 Charles Street,KEW,VIC,Australia
920 Fifteenth Street,MILDURA,VIC,Australia
455 Verney Road,SHEPPARTON,VIC,Australia
220 Burwood Highway,WANTIRNA SOUTH,VIC,Australia
175 Derrimut Rd,WERRIBEE,VIC,Australia
500 Soldiers Road,CLYDE NORTH,VIC,Australia
150 Bowen Street,WARRAGUL,VIC,Australia
81 - 83 Westmoreland Road,SUNSHINE NORTH,VIC,Australia
33 Raymond Street,ASHWOOD,VIC,Australia
30-34 Toomuc Valley Road,PAKENHAM,VIC,Australia
295 Liverpool Road,KILSYTH,VIC,Australia
1264 Mountain Highway,THE BASIN,VIC,Australia
2 Lascelles Drive,LALOR WEST,VIC,Australia
90 Kees Road,LARA,VIC,Australia
2-20 Fir Street,WHITTLESEA,VIC,Australia
230-234 Serpells Road,TEMPLESTOWE,VIC,Australia
29 Rose Street,ECHUCA,VIC,Australia
20 Wattle Valley Road,BELGRAVE HEIGHTS,VIC,Australia
77  Willesden Road,OAKLEIGH,VIC,Australia
60 - 80 Barak Lane,HEALESVILLE,VIC,Australia
98 Wyndham Street,KERANG,VIC,Australia
130 Tyner Road,WANTIRNA SOUTH,VIC,Australia
76 Balfour Road,DROUIN,VIC,Australia
653 Sydney Road,COBURG,VIC,Australia
155 Mornington - Tyabb Road,TYABB,VIC,Australia
152 Odessa Avenue,KEILOR DOWNS,VIC,Australia
101 Bulman's Road,MELTON WEST,VIC,Australia
59 Moores Road,MONBULK,VIC,Australia
16 Hinton Street,ROSEBUD,VIC,Australia
42 Whalley Drive,WHEELERS HILL,VIC,Australia
20 Kinchington Road,LENEVA,VIC,Australia
672 Mount Dandenong Road,KILSYTH,VIC,Australia
10 Riddell Road,WANTIRNA SOUTH,VIC,Australia
152-156 Brooklyn Road,MELTON SOUTH,VIC,Australia
91 Highett Street,MANSFIELD,VIC,Australia
76 Mossgiel Park Drive,ENDEAVOUR HILLS,VIC,Australia
29  Russell Street,WERRIBEE,VIC,Australia
Manning Drive,NOBLE PARK NORTH,VIC,Australia
50 Grossmans Road,TORQUAY,VIC,Australia
6 Ellington Street,CAULFIELD SOUTH,VIC,Australia
115 Horn Street,LEONGATHA,VIC,Australia
44 Balmoral Road,WARRNAMBOOL,VIC,Australia
1 St Heliers Street,ABBOTSFORD,VIC,Australia
201 Sayers Road,TRUGANINA,VIC,Australia
2-50 Overnewton Road,KEILOR,VIC,Australia
25 Broderick Road,CARRUM DOWNS,VIC,Australia
94 Weidlich Road,ELTHAM NORTH,VIC,Australia
5-9 Drummond Street,GREENVALE,VIC,Australia
205 Little Yarra Road,YARRA JUNCTION,VIC,Australia
53 McCrae Street,SWAN HILL,VIC,Australia
120 Hallam Road,HAMPTON PARK,VIC,Australia
34 South Maddingley Road,BACCHUS MARSH,VIC,Australia
Cranbourne-Frankston Road,CLYDE NORTH,VIC,Australia
927 Springvale Road,KEYSBOROUGH,VIC,Australia
12 - 18 Old Heidelberg Road,ALPHINGTON,VIC,Australia
131 Endeavour Drive,CRANBOURNE,VIC,Australia
50 Victoria Street,DROUIN,VIC,Australia
4 Birchwood Drive,MOOROOLBARK,VIC,Australia
111 Whitelaw Avenue,DELACOMBE,VIC,Australia
11 Rilens Rd,MUCKLEFORD,VIC,Australia
40 White Street,KILMORE,VIC,Australia
19-35 Thorpdale Avenue,COOLAROO,VIC,Australia
81 Highett Street,MANSFIELD,VIC,Australia
36-38 Lewis Street,SPRINGVALE,VIC,Australia
28 Drage Road,WODONGA,VIC,Australia
141a  Aerodrome Road,SWAN HILL,VIC,Australia
105 MacKenzie Street,BENDIGO,VIC,Australia
Blucher Street,STRATHFIELDSAYE,VIC,Australia
301-319 Bank Street,SOUTH MELBOURNE,VIC,Australia
3 New Holland Drive,CRANBOURNE EAST,VIC,Australia
19 Austin Road,SOMERVILLE,VIC,Australia
2 Ernst Wanke Road,NARRE WARREN NORTH,VIC,Australia
80 Thames Boulevard,WERRIBEE NORTH,VIC,Australia
6 Kairn Road,STRATHDALE,VIC,Australia
30 Inverloch Crescent,BROADMEADOWS,VIC,Australia
29 GIbson Street,BROADMEADOWS,VIC,Australia
1-29 Southern Cross Drive,ROXBURGH PARK,VIC,Australia
40 Lisson Grove,HAWTHORN,VIC,Australia
29-31 Kardinia Drive,BELL POST HILL,VIC,Australia
158 Hamilton Road,NEW GISBORNE,VIC,Australia
73 Ridgemont Drive,BERWICK,VIC,Australia
580 Tarneit Road,TARNEIT,VIC,Australia
Goulburn Street,BROADMEADOWS,VIC,Australia
370 Sydenham Road,SYDENHAM,VIC,Australia
340 Settlement Road,SUNBURY,VIC,Australia
2-6 Dundee Street,RESERVOIR,VIC,Australia
35 Thomas Carr Drive,TARNEIT,VIC,Australia
1-7 Peninsula Drive,DRYSDALE,VIC,Australia
155 Verney Road,SHEPPARTON,VIC,Australia
17 Baird Street,FAWKNER NORTH,VIC,Australia
1 Tynong Road,TYNONG,VIC,Australia
101 Bairnsdale/Dargo Road,BAIRNSDALE,VIC,Australia
55 Tyler Street,EAST PRESTON,VIC,Australia
45-75 Reynolds Road,BELMONT,VIC,Australia
11c Duffys Road,EMERALD,VIC,Australia
1010 Mickleham Road,GREENVALE,VIC,Australia
405 Tooronga Road,HAWTHORN EAST,VIC,Australia
244 Moss Avenue,MT HELEN,VIC,Australia
54 Caroline Springs Boulevard,CAROLINE SPRINGS,VIC,Australia
52 McIntyres Road,FRESHWATER CREEK,VIC,Australia
57 Barringo Road,NEW GISBORNE,VIC,Australia
185 Perry Road,KEYSBOROUGH,VIC,Australia
260 - 278 Point Cook Road,POINT COOK,VIC,Australia
103-129 Oak Grove Drive,NARRE WARREN SOUTH,VIC,Australia
28-36 Hope Street,BUNYIP,VIC,Australia
"Level 1-6, 168 Exhibition Street",MELBOURNE,VIC,Australia
775 High Street,MELTON WEST,VIC,Australia
52 River Street,SOUTH YARRA,VIC,Australia
590 Anakie Road,LOVELY BANKS,VIC,Australia
Kosciusko Street,TRARALGON,VIC,Australia
1291 Karadoc Ave,IRYMPLE,VIC,Australia
855 Springvale Road,KEYSBOROUGH,VIC,Australia
71 Grandview Avenue,PASCOE VALE SOUTH,VIC,Australia
Levels 7 & 9,MELBOURNE,VIC,Australia
17 Cranbourne Road,NARRE WARREN,VIC,Australia
39 Dickens Street,ELWOOD,VIC,Australia
46-60 Banchory Avenue,HILLSIDE,VIC,Australia
185 Spring Street,MELBOURNE,VIC,Australia
629 Goulburn Valley Highway,SHEPPARTON NORTH,VIC,Australia
214 Baranduda Boulevard,BARANDUDA,VIC,Australia
63 - 67 High Street,WODONGA,VIC,Australia
60 Williamsons Road,SOUTH MORANG,VIC,Australia
54 - 70 Innisfail Drive,POINT COOK,VIC,Australia
2 Portobello Road,PAKENHAM,VIC,Australia
57 Davison Street,RICHMOND,VIC,Australia
118 Hargreaves Street,BENDIGO,VIC,Australia
42 Gilchrist Ave,BEECHWORTH,VIC,Australia
389 Nepean Hwy,MT MARTHA,VIC,Australia
10 College Street,CAROLINE SPRINGS,VIC,Australia
Yarrowee & Vickers Streets,SEBASTOPOL,VIC,Australia
96 Barkly Street,NORTH FITZROY,VIC,Australia
1503 Geelong Road,MOUNT CLEAR,VIC,Australia
24 Carrier Street,BENALLA,VIC,Australia
Lysterfield Drive,GREENVALE LAKES,VIC,Australia
100 Mount Ridley Road,MICKLEHAM,VIC,Australia
1785 South Gippsland Hwy,CRANBOURNE,VIC,Australia
5-15 Windrock Avenue,MT RIDLEY,VIC,Australia
2 - 38 Burvilles Road,ARMSTRONG CREEK,VIC,Australia
2-20 Howqua Way,MANOR LAKES,VIC,Australia
90 Daylesford Trentham Road,DAYLESFORD,VIC,Australia
22-48 Lancefield Drive,CAROLINE SPRINGS,VIC,Australia
44 Mernda Village Drive,MERNDA,VIC,Australia
45 Harvest Home Road,EPPING,VIC,Australia
71 Warragul-Korumburra Road,WARRAGUL,VIC,Australia
30 College Street,WANGARATTA,VIC,Australia
485 Golf Links Road,LANGWARRIN SOUTH,VIC,Australia
123-129 Maude,SHEPPARTON,VIC,Australia
25 Bayview Road,OFFICER,VIC,Australia
122 Paterson Drive,LYNBROOK,VIC,Australia
93A Capesthorne Drive,DERRIMUT,VIC,Australia
977-985 Burwood Highway,FERNTREE GULLY,VIC,Australia
355 St Kilda Road,MELBOURNE,VIC,Australia
83 Wootten Road,TARNEIT,VIC,Australia
2-20 Lancefield Drive,CAROLINE SPRINGS,VIC,Australia
25-33 Oxford Street,WHITTINGTON,VIC,Australia
65 Riverend Road,BANGHOLME,VIC,Australia
4-6 Roselea Street,CAULFIELD SOUTH,VIC,Australia
45 Fairview Parade,TARNEIT,VIC,Australia
385 Queensberry Street,NORTH MELBOURNE,VIC,Australia
93 Daley Street,GLENROY,VIC,Australia
344 Wangaratta-Whitfield Road,WANGARATTA,VIC,Australia
20-26 Koala Drive,KOONWARRA,VIC,Australia
442-452 North Road,ORMOND,VIC,Australia
28 McKean Street,BAIRNSDALE,VIC,Australia
21 Sydney Road,BENALLA,VIC,Australia
47 Farmhouse Boulevard,EPPING NORTH,VIC,Australia
70 Carrick Street,POINT COOK,VIC,Australia
Enter via Mac Killop Way,CRANBOURNE EAST,VIC,Australia
211 Main Street,LILYDALE,VIC,Australia
54 - 76 Kingbird Avenue,TARNEIT,VIC,Australia
130 Marquands Road,TRUGANINA SOUTH,VIC,Australia
95 Majestic Drive,OFFICER,VIC,Australia
80 Bassetts Road,DOREEN,VIC,Australia
40-48 Campbell Road,COBRAM,VIC,Australia
95 Golf Links Road,MAIDEN GULLY,VIC,Australia
316-322 Kingston Road,CLARINDA,VIC,Australia
Richmond Football Club,RICHMOND,VIC,Australia
110 Bailey Road,MACEDON,VIC,Australia
442 - 448 Springvale Road,SPRINGVALE SOUTH,VIC,Australia
20-40 Rees Road,MELTON SOUTH,VIC,Australia
33-61 Edinburgh Road,LILYDALE,VIC,Australia
11 Malmsbury Street,KEW,VIC,Australia
20 ABeckett Road,NARRE WARREN NORTH,VIC,Australia
126-128 Nelson Place,WILLIAMSTOWN,VIC,Australia
479 Berrys Beach Road,VENTNOR,VIC,Australia
6 Henry Wilson Drive,ROSEBUD,VIC,Australia
35 Sturdee Street,RESERVOIR,VIC,Australia
Level 1,NORTH MELBOURNE,VIC,Australia
22-26  High Street,FRANKSTON,VIC,Australia
"Level 8, 601 Bourke Street",MELBOURNE,VIC,Australia
"Level 2, 415 Riversdale Road",HAWTHORN EAST,VIC,Australia
Eleanor Drive,LUCAS,VIC,Australia
12 Chapel Street,ST KILDA,VIC,Australia
1 MacKillop Street,CRAIGIEBURN WEST,VIC,Australia
15 Milton Street,BANNOCKBURN,VIC,Australia
30 Alcantara Boulevard,WALLAN EAST,VIC,Australia
90 South Beach Road,TORQUAY NORTH,VIC,Australia
6 Cowes-Rhyll Road,COWES,VIC,Australia
16 Clevedon Road,BASIN,VIC,Australia
72 Wendouree Drive,KIALLA,VIC,Australia
145 Mitchells Lane,SUNBURY,VIC,Australia
10 Baltrum Drive,WOLLERT,VIC,Australia
43-45 Westall Road,CLAYTON SOUTH,VIC,Australia
110 Smiths Lane,CLYDE NORTH,VIC,Australia
125 Warralily Boulevard,ARMSTRONG CREEK,VIC,Australia
450 Dalyston-Glen Forbes Road,RYANSTON,VIC,Australia
242-280 Horseshoe Bend Road,CHARLEMONT,VIC,Australia
453 Bluff Road,HAMPTON,VIC,Australia
239 Station Rd,MELTON,VIC,Australia
5/12 Kelso Street,COLDSTREAM,VIC,Australia
50 Treeve Parkway,WERRIBEE,VIC,Australia
"Level 2, 220 Albert Road",SOUTH MELBOURNE,VIC,Australia
181 Mills Road,WARRAGUL,VIC,Australia
92  96 Railway Crescent,DALLAS,VIC,Australia
405 Barrabool Road,CERES,VIC,Australia
326 Church Street,RICHMOND,VIC,Australia
1-3 Killarney Drive,MELTON,VIC,Australia
31 Waterway Boulevard,WEIR VIEWS,VIC,Australia
20 ABeckett Road,NARRE WARREN NORTH,VIC,Australia
"Unit 5, 9 Danaher Drive",SOUTH MORANG,VIC,Australia
2-14 Carlingford Rd,MICKLEHAM,VIC,Australia
434-442 Belgrave-Hallam Road,NARRE WARREN NORTH,VIC,Australia
13-15 The Avenue,FERNTREE GULLY,VIC,Australia